order_id,order_line_id,customer_id,order_date,channel,quantity,unit_price,discount_pct,line_revenue
O00001,L00001,SC0001,2025-08-07,Online,1,31.78,0.0,31.78
O00001,L00002,SC0001,2025-08-07,Online,1,61.76,0.0,61.76
O00001,L00003,SC0001,2025-08-07,Online,1,49.86,0.0,49.86
O00002,L00004,SC0001,2025-08-14,App,2,39.25,0.15,66.73
O00003,L00005,SC0001,2025-08-25,App,1,50.88,0.0,50.88
O00003,L00006,SC0001,2025-08-25,App,1,32.41,0.0,32.41
O00003,L00007,SC0001,2025-08-25,App,1,63.32,0.0,63.32
O00004,L00008,SC0001,2025-10-09,App,1,34.16,0.15,29.04
O00004,L00009,SC0001,2025-10-09,App,1,35.3,0.15,30.01
O00005,L00010,SC0001,2025-10-20,Online,1,53.87,0.0,53.87
O00006,L00011,SC0001,2025-11-12,Online,1,64.46,0.0,64.46
O00007,L00012,SC0001,2025-11-19,Store,1,40.09,0.0,40.09
O00007,L00013,SC0001,2025-11-19,Store,2,40.8,0.0,81.6
O00007,L00014,SC0001,2025-11-19,Store,2,59.15,0.0,118.3
O00008,L00015,SC0001,2025-12-02,Store,1,61.9,0.0,61.9
O00008,L00016,SC0001,2025-12-02,Store,1,58.82,0.0,58.82
O00008,L00017,SC0001,2025-12-02,Store,2,49.11,0.0,98.22
O00009,L00018,SC0001,2026-01-05,App,1,62.32,0.0,62.32
O00009,L00019,SC0001,2026-01-05,App,1,61.77,0.0,61.77
O00010,L00020,SC0001,2026-03-10,Online,1,37.24,0.0,37.24
O00010,L00021,SC0001,2026-03-10,Online,2,36.01,0.0,72.02
O00011,L00022,SC0001,2026-04-11,Store,1,57.9,0.0,57.9
O00011,L00023,SC0001,2026-04-11,Store,1,37.69,0.0,37.69
O00011,L00024,SC0001,2026-04-11,Store,2,44.26,0.0,88.52
O00012,L00025,SC0001,2026-06-03,App,2,56.51,0.0,113.02
O00012,L00026,SC0001,2026-06-03,App,2,31.72,0.0,63.44
O00012,L00027,SC0001,2026-06-03,App,1,45.73,0.0,45.73
O00013,L00028,SC0001,2026-06-16,Store,2,34.13,0.0,68.26
O00014,L00029,SC0001,2026-06-24,Store,1,60.53,0.0,60.53
O00014,L00030,SC0001,2026-06-24,Store,1,46.85,0.0,46.85
O00014,L00031,SC0001,2026-06-24,Store,1,36.14,0.0,36.14
O00015,L00032,SC0002,2025-07-17,App,2,50.24,0.0,100.48
O00015,L00033,SC0002,2025-07-17,App,1,38.25,0.0,38.25
O00016,L00034,SC0002,2025-08-02,Online,1,50.12,0.0,50.12
O00016,L00035,SC0002,2025-08-02,Online,1,59.18,0.0,59.18
O00016,L00036,SC0002,2025-08-02,Online,2,31.34,0.0,62.68
O00017,L00037,SC0002,2025-12-08,Online,1,33.15,0.0,33.15
O00017,L00038,SC0002,2025-12-08,Online,1,63.16,0.0,63.16
O00017,L00039,SC0002,2025-12-08,Online,2,41.32,0.0,82.64
O00018,L00040,SC0002,2026-01-07,App,2,51.9,0.0,103.8
O00018,L00041,SC0002,2026-01-07,App,1,63.28,0.0,63.28
O00018,L00042,SC0002,2026-01-07,App,1,35.25,0.0,35.25
O00019,L00043,SC0002,2026-02-25,Online,1,46.9,0.15,39.87
O00019,L00044,SC0002,2026-02-25,Online,1,37.32,0.15,31.72
O00019,L00045,SC0002,2026-02-25,Online,1,30.42,0.15,25.86
O00020,L00046,SC0002,2026-03-31,App,1,36.39,0.0,36.39
O00021,L00047,SC0002,2026-05-05,Online,1,55.94,0.2,44.75
O00021,L00048,SC0002,2026-05-05,Online,1,49.66,0.2,39.73
O00022,L00049,SC0002,2026-05-06,App,2,49.61,0.0,99.22
O00023,L00050,SC0002,2026-05-07,Online,2,56.12,0.0,112.24
O00024,L00051,SC0002,2026-05-16,App,2,61.99,0.0,123.98
O00024,L00052,SC0002,2026-05-16,App,1,40.8,0.0,40.8
O00024,L00053,SC0002,2026-05-16,App,1,52.42,0.0,52.42
O00025,L00054,SC0002,2026-06-27,App,1,46.76,0.0,46.76
O00025,L00055,SC0002,2026-06-27,App,1,45.99,0.0,45.99
O00025,L00056,SC0002,2026-06-27,App,2,51.23,0.0,102.46
O00026,L00057,SC0003,2025-08-10,Online,1,57.05,0.0,57.05
O00026,L00058,SC0003,2025-08-10,Online,1,59.56,0.0,59.56
O00026,L00059,SC0003,2025-08-10,Online,1,41.88,0.0,41.88
O00027,L00060,SC0003,2025-10-04,App,2,35.94,0.0,71.88
O00027,L00061,SC0003,2025-10-04,App,1,63.27,0.0,63.27
O00028,L00062,SC0003,2025-10-10,Online,1,34.82,0.0,34.82
O00029,L00063,SC0003,2025-10-21,Online,1,54.46,0.0,54.46
O00029,L00064,SC0003,2025-10-21,Online,2,64.0,0.0,128.0
O00029,L00065,SC0003,2025-10-21,Online,2,62.15,0.0,124.3
O00030,L00066,SC0003,2025-11-02,Store,1,51.37,0.0,51.37
O00030,L00067,SC0003,2025-11-02,Store,1,61.42,0.0,61.42
O00030,L00068,SC0003,2025-11-02,Store,1,59.93,0.0,59.93
O00031,L00069,SC0003,2025-11-04,Online,1,45.39,0.0,45.39
O00031,L00070,SC0003,2025-11-04,Online,2,53.76,0.0,107.52
O00032,L00071,SC0003,2025-11-14,Store,1,51.75,0.0,51.75
O00033,L00072,SC0003,2025-12-28,App,1,50.8,0.0,50.8
O00033,L00073,SC0003,2025-12-28,App,2,58.8,0.0,117.6
O00033,L00074,SC0003,2025-12-28,App,1,59.48,0.0,59.48
O00034,L00075,SC0003,2026-03-10,Store,2,41.08,0.0,82.16
O00034,L00076,SC0003,2026-03-10,Store,1,33.3,0.0,33.3
O00035,L00077,SC0003,2026-05-23,Store,2,32.17,0.0,64.34
O00035,L00078,SC0003,2026-05-23,Store,1,53.84,0.0,53.84
O00035,L00079,SC0003,2026-05-23,Store,2,42.05,0.0,84.1
O00036,L00080,SC0003,2026-06-27,App,1,44.62,0.0,44.62
O00036,L00081,SC0003,2026-06-27,App,1,53.93,0.0,53.93
O00037,L00082,SC0004,2025-07-11,Store,1,62.03,0.0,62.03
O00037,L00083,SC0004,2025-07-11,Store,1,54.81,0.0,54.81
O00037,L00084,SC0004,2025-07-11,Store,1,30.15,0.0,30.15
O00038,L00085,SC0004,2025-08-06,Store,2,30.85,0.0,61.7
O00039,L00086,SC0004,2025-08-07,Online,2,62.15,0.0,124.3
O00040,L00087,SC0004,2025-09-04,Online,1,31.75,0.0,31.75
O00040,L00088,SC0004,2025-09-04,Online,2,61.79,0.0,123.58
O00040,L00089,SC0004,2025-09-04,Online,2,47.29,0.0,94.58
O00041,L00090,SC0004,2025-09-30,Online,2,63.55,0.3,88.97
O00041,L00091,SC0004,2025-09-30,Online,2,40.47,0.3,56.66
O00042,L00092,SC0004,2025-10-18,App,1,55.28,0.0,55.28
O00043,L00093,SC0004,2026-03-05,App,2,59.74,0.0,119.48
O00044,L00094,SC0004,2026-04-14,Store,1,41.43,0.0,41.43
O00044,L00095,SC0004,2026-04-14,Store,1,40.66,0.0,40.66
O00044,L00096,SC0004,2026-04-14,Store,1,48.74,0.0,48.74
O00045,L00097,SC0004,2026-06-18,Online,1,36.52,0.0,36.52
O00046,L00098,SC0005,2025-07-12,App,1,49.76,0.0,49.76
O00046,L00099,SC0005,2025-07-12,App,1,54.63,0.0,54.63
O00046,L00100,SC0005,2025-07-12,App,1,55.6,0.0,55.6
O00047,L00101,SC0005,2025-07-29,Store,2,50.16,0.0,100.32
O00047,L00102,SC0005,2025-07-29,Store,1,51.74,0.0,51.74
O00048,L00103,SC0005,2025-08-25,Store,2,31.97,0.0,63.94
O00049,L00104,SC0005,2025-11-21,App,1,49.65,0.0,49.65
O00049,L00105,SC0005,2025-11-21,App,1,38.97,0.0,38.97
O00050,L00106,SC0005,2026-01-11,Store,1,51.41,0.0,51.41
O00050,L00107,SC0005,2026-01-11,Store,2,64.54,0.0,129.08
O00051,L00108,SC0005,2026-02-16,Store,1,35.33,0.0,35.33
O00051,L00109,SC0005,2026-02-16,Store,2,38.8,0.0,77.6
O00051,L00110,SC0005,2026-02-16,Store,2,43.91,0.0,87.82
O00052,L00111,SC0005,2026-04-06,Store,1,43.13,0.0,43.13
O00052,L00112,SC0005,2026-04-06,Store,1,44.7,0.0,44.7
O00053,L00113,SC0005,2026-04-09,Store,1,60.99,0.0,60.99
O00053,L00114,SC0005,2026-04-09,Store,1,55.65,0.0,55.65
O00053,L00115,SC0005,2026-04-09,Store,1,30.34,0.0,30.34
O00054,L00116,SC0005,2026-04-19,Store,2,45.45,0.0,90.9
O00054,L00117,SC0005,2026-04-19,Store,1,42.41,0.0,42.41
O00055,L00118,SC0005,2026-04-29,Online,1,39.18,0.0,39.18
O00055,L00119,SC0005,2026-04-29,Online,2,49.56,0.0,99.12
O00055,L00120,SC0005,2026-04-29,Online,1,63.59,0.0,63.59
O00056,L00121,SC0005,2026-04-30,Store,1,58.96,0.0,58.96
O00057,L00122,SC0005,2026-05-15,Store,1,43.4,0.0,43.4
O00058,L00123,SC0005,2026-06-10,Online,1,35.04,0.0,35.04
O00059,L00124,SC0006,2025-08-11,Online,1,34.57,0.0,34.57
O00060,L00125,SC0006,2025-09-12,Online,1,63.98,0.0,63.98
O00061,L00126,SC0006,2025-09-24,Online,1,31.19,0.0,31.19
O00061,L00127,SC0006,2025-09-24,Online,1,39.12,0.0,39.12
O00062,L00128,SC0006,2025-11-13,Online,2,58.54,0.25,87.81
O00063,L00129,SC0006,2025-12-12,App,1,43.01,0.2,34.41
O00063,L00130,SC0006,2025-12-12,App,1,39.92,0.2,31.94
O00063,L00131,SC0006,2025-12-12,App,2,56.53,0.2,90.45
O00064,L00132,SC0006,2025-12-27,App,1,61.26,0.0,61.26
O00065,L00133,SC0006,2026-01-29,App,2,46.34,0.0,92.68
O00065,L00134,SC0006,2026-01-29,App,1,53.82,0.0,53.82
O00066,L00135,SC0006,2026-04-03,App,2,51.65,0.0,103.3
O00066,L00136,SC0006,2026-04-03,App,2,37.12,0.0,74.24
O00067,L00137,SC0006,2026-04-29,Store,1,49.47,0.0,49.47
O00067,L00138,SC0006,2026-04-29,Store,2,64.69,0.0,129.38
O00067,L00139,SC0006,2026-04-29,Store,2,30.44,0.0,60.88
O00068,L00140,SC0006,2026-05-24,Online,2,60.29,0.0,120.58
O00069,L00141,SC0006,2026-06-09,Online,2,55.41,0.0,110.82
O00069,L00142,SC0006,2026-06-09,Online,1,61.92,0.0,61.92
O00070,L00143,SC0006,2026-06-13,Store,2,48.77,0.0,97.54
O00070,L00144,SC0006,2026-06-13,Store,1,51.12,0.0,51.12
O00070,L00145,SC0006,2026-06-13,Store,1,57.12,0.0,57.12
O00071,L00146,SC0006,2026-06-14,Online,2,53.86,0.0,107.72
O00071,L00147,SC0006,2026-06-14,Online,2,30.9,0.0,61.8
O00072,L00148,SC0007,2025-08-08,Store,1,51.12,0.0,51.12
O00072,L00149,SC0007,2025-08-08,Store,2,52.01,0.0,104.02
O00072,L00150,SC0007,2025-08-08,Store,1,50.96,0.0,50.96
O00073,L00151,SC0007,2025-10-30,App,1,36.09,0.0,36.09
O00073,L00152,SC0007,2025-10-30,App,1,30.63,0.0,30.63
O00073,L00153,SC0007,2025-10-30,App,1,34.7,0.0,34.7
O00074,L00154,SC0007,2025-11-08,Store,2,51.42,0.0,102.84
O00074,L00155,SC0007,2025-11-08,Store,1,37.18,0.0,37.18
O00075,L00156,SC0007,2025-12-16,Online,1,40.34,0.0,40.34
O00075,L00157,SC0007,2025-12-16,Online,1,41.0,0.0,41.0
O00075,L00158,SC0007,2025-12-16,Online,1,52.0,0.0,52.0
O00076,L00159,SC0007,2026-02-02,Store,1,63.44,0.0,63.44
O00077,L00160,SC0007,2026-02-10,App,1,43.57,0.0,43.57
O00077,L00161,SC0007,2026-02-10,App,1,48.49,0.0,48.49
O00077,L00162,SC0007,2026-02-10,App,1,37.17,0.0,37.17
O00078,L00163,SC0007,2026-04-09,Online,2,45.22,0.0,90.44
O00079,L00164,SC0007,2026-04-11,Online,2,37.51,0.0,75.02
O00080,L00165,SC0007,2026-05-13,Store,1,62.78,0.25,47.09
O00081,L00166,SC0007,2026-06-15,Online,1,58.09,0.0,58.09
O00082,L00167,SC0008,2025-08-09,App,1,43.89,0.0,43.89
O00083,L00168,SC0008,2025-08-18,App,2,37.45,0.0,74.9
O00084,L00169,SC0008,2025-08-23,Online,2,31.31,0.0,62.62
O00084,L00170,SC0008,2025-08-23,Online,1,43.98,0.0,43.98
O00084,L00171,SC0008,2025-08-23,Online,1,40.39,0.0,40.39
O00085,L00172,SC0008,2025-09-03,Store,2,62.17,0.0,124.34
O00085,L00173,SC0008,2025-09-03,Store,1,56.2,0.0,56.2
O00086,L00174,SC0008,2025-09-06,Online,2,58.51,0.0,117.02
O00086,L00175,SC0008,2025-09-06,Online,2,50.79,0.0,101.58
O00087,L00176,SC0008,2025-09-17,App,1,55.1,0.0,55.1
O00087,L00177,SC0008,2025-09-17,App,1,41.03,0.0,41.03
O00088,L00178,SC0008,2025-12-05,Online,1,47.33,0.0,47.33
O00088,L00179,SC0008,2025-12-05,Online,2,42.7,0.0,85.4
O00089,L00180,SC0008,2026-02-02,Store,1,56.8,0.0,56.8
O00089,L00181,SC0008,2026-02-02,Store,1,52.61,0.0,52.61
O00089,L00182,SC0008,2026-02-02,Store,1,64.45,0.0,64.45
O00090,L00183,SC0008,2026-02-05,App,1,43.33,0.0,43.33
O00091,L00184,SC0008,2026-03-13,Online,1,30.58,0.15,25.99
O00091,L00185,SC0008,2026-03-13,Online,2,31.77,0.15,54.01
O00091,L00186,SC0008,2026-03-13,Online,1,50.92,0.15,43.28
O00092,L00187,SC0008,2026-04-02,Store,2,51.33,0.25,77.0
O00092,L00188,SC0008,2026-04-02,Store,1,46.9,0.25,35.18
O00093,L00189,SC0008,2026-04-16,Store,1,43.19,0.0,43.19
O00094,L00190,SC0008,2026-05-18,Online,2,55.59,0.0,111.18
O00095,L00191,SC0008,2026-06-13,Online,1,50.23,0.0,50.23
O00095,L00192,SC0008,2026-06-13,Online,2,35.25,0.0,70.5
O00096,L00193,SC0009,2025-08-03,Online,1,60.29,0.0,60.29
O00096,L00194,SC0009,2025-08-03,Online,2,35.2,0.0,70.4
O00097,L00195,SC0009,2025-08-19,Online,2,40.86,0.0,81.72
O00097,L00196,SC0009,2025-08-19,Online,1,53.86,0.0,53.86
O00097,L00197,SC0009,2025-08-19,Online,1,63.39,0.0,63.39
O00098,L00198,SC0009,2025-08-29,App,1,48.4,0.0,48.4
O00099,L00199,SC0009,2025-09-28,Online,2,55.85,0.0,111.7
O00099,L00200,SC0009,2025-09-28,Online,2,38.36,0.0,76.72
O00100,L00201,SC0009,2025-10-25,Online,1,64.39,0.0,64.39
O00101,L00202,SC0009,2025-12-22,App,1,60.98,0.0,60.98
O00102,L00203,SC0009,2026-01-15,Store,2,30.28,0.0,60.56
O00102,L00204,SC0009,2026-01-15,Store,1,48.49,0.0,48.49
O00102,L00205,SC0009,2026-01-15,Store,1,59.19,0.0,59.19
O00103,L00206,SC0009,2026-02-02,App,1,46.85,0.0,46.85
O00104,L00207,SC0009,2026-03-21,App,1,56.04,0.0,56.04
O00105,L00208,SC0009,2026-03-27,Online,1,32.6,0.0,32.6
O00106,L00209,SC0009,2026-06-09,Store,1,34.12,0.0,34.12
O00106,L00210,SC0009,2026-06-09,Store,1,37.74,0.0,37.74
O00106,L00211,SC0009,2026-06-09,Store,1,44.35,0.0,44.35
O00107,L00212,SC0010,2025-09-12,Online,2,38.67,0.0,77.34
O00107,L00213,SC0010,2025-09-12,Online,1,39.31,0.0,39.31
O00107,L00214,SC0010,2025-09-12,Online,1,57.44,0.0,57.44
O00108,L00215,SC0010,2025-11-13,Online,1,57.22,0.0,57.22
O00108,L00216,SC0010,2025-11-13,Online,1,37.4,0.0,37.4
O00108,L00217,SC0010,2025-11-13,Online,1,59.67,0.0,59.67
O00109,L00218,SC0010,2025-11-21,Store,1,31.32,0.0,31.32
O00109,L00219,SC0010,2025-11-21,Store,1,60.28,0.0,60.28
O00110,L00220,SC0010,2025-12-15,App,1,30.93,0.0,30.93
O00111,L00221,SC0010,2025-12-20,Store,2,42.31,0.0,84.62
O00111,L00222,SC0010,2025-12-20,Store,1,49.63,0.0,49.63
O00111,L00223,SC0010,2025-12-20,Store,1,63.94,0.0,63.94
O00112,L00224,SC0010,2025-12-21,App,2,32.73,0.0,65.46
O00112,L00225,SC0010,2025-12-21,App,2,34.96,0.0,69.92
O00113,L00226,SC0010,2026-01-17,Store,1,34.75,0.0,34.75
O00114,L00227,SC0010,2026-06-01,Store,1,56.34,0.0,56.34
O00114,L00228,SC0010,2026-06-01,Store,1,59.33,0.0,59.33
O00114,L00229,SC0010,2026-06-01,Store,1,53.27,0.0,53.27
O00115,L00230,SC0010,2026-06-02,Store,1,64.67,0.0,64.67
O00115,L00231,SC0010,2026-06-02,Store,1,52.7,0.0,52.7
O00116,L00232,SC0010,2026-06-07,Store,1,43.88,0.0,43.88
O00116,L00233,SC0010,2026-06-07,Store,1,60.58,0.0,60.58
O00117,L00234,SC0010,2026-06-14,Store,2,38.36,0.0,76.72
O00117,L00235,SC0010,2026-06-14,Store,1,39.27,0.0,39.27
O00118,L00236,SC0011,2025-07-14,Store,1,43.16,0.3,30.21
O00118,L00237,SC0011,2025-07-14,Store,2,57.89,0.3,81.05
O00119,L00238,SC0011,2025-07-25,Online,2,55.3,0.0,110.6
O00119,L00239,SC0011,2025-07-25,Online,2,46.75,0.0,93.5
O00120,L00240,SC0011,2025-07-29,Online,2,59.97,0.0,119.94
O00120,L00241,SC0011,2025-07-29,Online,2,60.54,0.0,121.08
O00120,L00242,SC0011,2025-07-29,Online,2,60.3,0.0,120.6
O00121,L00243,SC0011,2025-08-03,Store,2,58.66,0.0,117.32
O00121,L00244,SC0011,2025-08-03,Store,1,36.39,0.0,36.39
O00121,L00245,SC0011,2025-08-03,Store,2,58.37,0.0,116.74
O00122,L00246,SC0011,2025-08-04,App,1,35.69,0.0,35.69
O00122,L00247,SC0011,2025-08-04,App,2,34.84,0.0,69.68
O00122,L00248,SC0011,2025-08-04,App,2,56.0,0.0,112.0
O00123,L00249,SC0011,2025-12-11,Online,2,60.5,0.0,121.0
O00123,L00250,SC0011,2025-12-11,Online,1,53.33,0.0,53.33
O00124,L00251,SC0011,2026-01-30,Online,2,43.21,0.0,86.42
O00124,L00252,SC0011,2026-01-30,Online,1,64.53,0.0,64.53
O00124,L00253,SC0011,2026-01-30,Online,1,42.41,0.0,42.41
O00125,L00254,SC0011,2026-03-21,Online,1,40.11,0.0,40.11
O00125,L00255,SC0011,2026-03-21,Online,1,60.73,0.0,60.73
O00126,L00256,SC0011,2026-04-10,App,2,41.55,0.0,83.1
O00126,L00257,SC0011,2026-04-10,App,1,38.6,0.0,38.6
O00126,L00258,SC0011,2026-04-10,App,2,61.99,0.0,123.98
O00127,L00259,SC0011,2026-06-28,Store,2,61.68,0.0,123.36
O00127,L00260,SC0011,2026-06-28,Store,2,58.79,0.0,117.58
O00128,L00261,SC0012,2025-07-23,Online,2,47.59,0.0,95.18
O00129,L00262,SC0012,2025-07-26,Online,1,50.18,0.0,50.18
O00129,L00263,SC0012,2025-07-26,Online,1,57.39,0.0,57.39
O00129,L00264,SC0012,2025-07-26,Online,2,44.57,0.0,89.14
O00130,L00265,SC0012,2025-07-29,Online,1,39.39,0.0,39.39
O00131,L00266,SC0012,2025-08-15,Online,1,43.36,0.3,30.35
O00132,L00267,SC0012,2025-08-22,App,1,36.31,0.0,36.31
O00132,L00268,SC0012,2025-08-22,App,1,37.59,0.0,37.59
O00132,L00269,SC0012,2025-08-22,App,1,56.79,0.0,56.79
O00133,L00270,SC0012,2025-09-12,App,1,54.14,0.0,54.14
O00133,L00271,SC0012,2025-09-12,App,1,59.52,0.0,59.52
O00133,L00272,SC0012,2025-09-12,App,1,51.24,0.0,51.24
O00134,L00273,SC0012,2025-10-14,App,1,61.04,0.0,61.04
O00134,L00274,SC0012,2025-10-14,App,2,55.21,0.0,110.42
O00135,L00275,SC0012,2026-01-18,App,2,56.21,0.0,112.42
O00135,L00276,SC0012,2026-01-18,App,1,46.5,0.0,46.5
O00136,L00277,SC0012,2026-02-24,App,2,62.61,0.0,125.22
O00136,L00278,SC0012,2026-02-24,App,1,57.34,0.0,57.34
O00136,L00279,SC0012,2026-02-24,App,2,30.09,0.0,60.18
O00137,L00280,SC0012,2026-03-05,App,2,33.41,0.0,66.82
O00137,L00281,SC0012,2026-03-05,App,1,40.41,0.0,40.41
O00137,L00282,SC0012,2026-03-05,App,1,57.8,0.0,57.8
O00138,L00283,SC0012,2026-04-04,App,2,44.71,0.0,89.42
O00138,L00284,SC0012,2026-04-04,App,2,55.29,0.0,110.58
O00138,L00285,SC0012,2026-04-04,App,2,48.25,0.0,96.5
O00139,L00286,SC0012,2026-05-02,App,1,54.5,0.0,54.5
O00139,L00287,SC0012,2026-05-02,App,1,45.11,0.0,45.11
O00139,L00288,SC0012,2026-05-02,App,1,41.61,0.0,41.61
O00140,L00289,SC0012,2026-06-12,App,1,34.25,0.0,34.25
O00140,L00290,SC0012,2026-06-12,App,1,54.14,0.0,54.14
O00140,L00291,SC0012,2026-06-12,App,1,62.77,0.0,62.77
O00141,L00292,SC0013,2025-08-05,Online,1,58.65,0.0,58.65
O00142,L00293,SC0013,2025-08-24,App,2,59.92,0.0,119.84
O00143,L00294,SC0013,2025-10-02,Online,2,34.28,0.0,68.56
O00143,L00295,SC0013,2025-10-02,Online,2,39.51,0.0,79.02
O00143,L00296,SC0013,2025-10-02,Online,1,60.65,0.0,60.65
O00144,L00297,SC0013,2025-10-31,App,1,35.25,0.0,35.25
O00145,L00298,SC0013,2025-12-22,Store,1,57.49,0.0,57.49
O00145,L00299,SC0013,2025-12-22,Store,1,54.58,0.0,54.58
O00146,L00300,SC0013,2026-03-21,Online,1,39.32,0.0,39.32
O00146,L00301,SC0013,2026-03-21,Online,2,43.17,0.0,86.34
O00147,L00302,SC0013,2026-04-03,App,2,54.13,0.0,108.26
O00148,L00303,SC0013,2026-04-22,Online,1,57.99,0.25,43.49
O00148,L00304,SC0013,2026-04-22,Online,1,44.22,0.25,33.17
O00148,L00305,SC0013,2026-04-22,Online,1,51.63,0.25,38.72
O00149,L00306,SC0013,2026-05-15,App,2,41.13,0.0,82.26
O00149,L00307,SC0013,2026-05-15,App,2,55.88,0.0,111.76
O00150,L00308,SC0013,2026-06-04,App,2,45.72,0.0,91.44
O00151,L00309,SC0013,2026-06-09,App,2,44.32,0.0,88.64
O00151,L00310,SC0013,2026-06-09,App,1,37.53,0.0,37.53
O00151,L00311,SC0013,2026-06-09,App,2,37.18,0.0,74.36
O00152,L00312,SC0013,2026-06-19,Online,1,30.53,0.0,30.53
O00152,L00313,SC0013,2026-06-19,Online,1,43.83,0.0,43.83
O00153,L00314,SC0014,2025-07-03,Online,2,37.97,0.0,75.94
O00154,L00315,SC0014,2025-07-29,Online,1,45.64,0.0,45.64
O00155,L00316,SC0014,2025-08-29,Store,1,32.28,0.0,32.28
O00156,L00317,SC0014,2025-09-18,Store,1,38.88,0.0,38.88
O00156,L00318,SC0014,2025-09-18,Store,2,34.43,0.0,68.86
O00156,L00319,SC0014,2025-09-18,Store,1,53.18,0.0,53.18
O00157,L00320,SC0014,2025-09-22,App,1,44.41,0.0,44.41
O00157,L00321,SC0014,2025-09-22,App,2,64.99,0.0,129.98
O00157,L00322,SC0014,2025-09-22,App,1,55.2,0.0,55.2
O00158,L00323,SC0014,2025-11-01,Online,2,64.13,0.0,128.26
O00159,L00324,SC0014,2025-11-05,App,1,30.81,0.0,30.81
O00159,L00325,SC0014,2025-11-05,App,1,61.21,0.0,61.21
O00159,L00326,SC0014,2025-11-05,App,1,32.09,0.0,32.09
O00160,L00327,SC0014,2026-02-11,App,1,51.08,0.0,51.08
O00161,L00328,SC0014,2026-04-10,Store,1,44.87,0.0,44.87
O00162,L00329,SC0014,2026-06-26,App,2,47.02,0.0,94.04
O00162,L00330,SC0014,2026-06-26,App,2,62.9,0.0,125.8
O00163,L00331,SC0015,2025-07-18,Online,2,46.3,0.0,92.6
O00163,L00332,SC0015,2025-07-18,Online,1,33.45,0.0,33.45
O00164,L00333,SC0015,2025-07-27,App,2,35.59,0.0,71.18
O00164,L00334,SC0015,2025-07-27,App,1,43.38,0.0,43.38
O00165,L00335,SC0015,2025-09-11,Online,1,55.82,0.0,55.82
O00165,L00336,SC0015,2025-09-11,Online,1,36.96,0.0,36.96
O00165,L00337,SC0015,2025-09-11,Online,1,57.56,0.0,57.56
O00166,L00338,SC0015,2025-09-26,Store,1,48.01,0.0,48.01
O00167,L00339,SC0015,2025-10-03,Online,1,30.66,0.0,30.66
O00167,L00340,SC0015,2025-10-03,Online,1,54.19,0.0,54.19
O00167,L00341,SC0015,2025-10-03,Online,1,50.9,0.0,50.9
O00168,L00342,SC0015,2025-10-08,Store,2,30.0,0.0,60.0
O00168,L00343,SC0015,2025-10-08,Store,2,50.4,0.0,100.8
O00169,L00344,SC0015,2025-10-09,App,1,49.58,0.0,49.58
O00169,L00345,SC0015,2025-10-09,App,1,56.64,0.0,56.64
O00169,L00346,SC0015,2025-10-09,App,1,53.93,0.0,53.93
O00170,L00347,SC0015,2025-10-18,Online,1,44.94,0.3,31.46
O00170,L00348,SC0015,2025-10-18,Online,1,33.2,0.3,23.24
O00171,L00349,SC0015,2025-10-29,App,2,32.06,0.0,64.12
O00171,L00350,SC0015,2025-10-29,App,2,60.77,0.0,121.54
O00172,L00351,SC0015,2025-11-20,Online,2,48.45,0.0,96.9
O00172,L00352,SC0015,2025-11-20,Online,2,44.83,0.0,89.66
O00173,L00353,SC0015,2026-01-01,Online,1,50.45,0.0,50.45
O00173,L00354,SC0015,2026-01-01,Online,2,40.71,0.0,81.42
O00173,L00355,SC0015,2026-01-01,Online,2,30.99,0.0,61.98
O00174,L00356,SC0015,2026-01-06,Store,1,31.79,0.0,31.79
O00174,L00357,SC0015,2026-01-06,Store,1,45.27,0.0,45.27
O00175,L00358,SC0015,2026-02-16,App,2,55.27,0.0,110.54
O00175,L00359,SC0015,2026-02-16,App,1,30.48,0.0,30.48
O00176,L00360,SC0015,2026-06-14,Online,1,33.24,0.25,24.93
O00177,L00361,SC0016,2025-07-10,App,2,62.4,0.0,124.8
O00178,L00362,SC0016,2025-07-31,App,2,59.56,0.0,119.12
O00178,L00363,SC0016,2025-07-31,App,1,37.16,0.0,37.16
O00179,L00364,SC0016,2025-08-02,App,1,38.11,0.0,38.11
O00179,L00365,SC0016,2025-08-02,App,1,54.9,0.0,54.9
O00180,L00366,SC0016,2025-10-07,Online,2,53.53,0.0,107.06
O00180,L00367,SC0016,2025-10-07,Online,2,32.19,0.0,64.38
O00180,L00368,SC0016,2025-10-07,Online,1,43.5,0.0,43.5
O00181,L00369,SC0016,2026-01-19,Online,1,38.02,0.0,38.02
O00181,L00370,SC0016,2026-01-19,Online,2,51.24,0.0,102.48
O00182,L00371,SC0016,2026-01-21,Online,2,39.95,0.3,55.93
O00182,L00372,SC0016,2026-01-21,Online,1,32.34,0.3,22.64
O00183,L00373,SC0016,2026-03-15,Online,1,54.32,0.15,46.17
O00183,L00374,SC0016,2026-03-15,Online,1,54.6,0.15,46.41
O00184,L00375,SC0016,2026-05-15,App,1,62.0,0.25,46.5
O00185,L00376,SC0016,2026-06-20,App,1,63.02,0.0,63.02
O00186,L00377,SC0017,2025-08-15,Online,1,56.71,0.0,56.71
O00187,L00378,SC0017,2025-09-26,Online,1,48.81,0.0,48.81
O00188,L00379,SC0017,2025-09-28,Online,1,63.77,0.0,63.77
O00188,L00380,SC0017,2025-09-28,Online,1,40.76,0.0,40.76
O00189,L00381,SC0017,2026-01-02,App,2,63.23,0.0,126.46
O00189,L00382,SC0017,2026-01-02,App,2,49.14,0.0,98.28
O00190,L00383,SC0017,2026-01-28,App,1,57.52,0.0,57.52
O00191,L00384,SC0017,2026-03-04,Online,1,32.86,0.0,32.86
O00191,L00385,SC0017,2026-03-04,Online,2,64.7,0.0,129.4
O00192,L00386,SC0017,2026-03-28,Online,1,35.99,0.0,35.99
O00192,L00387,SC0017,2026-03-28,Online,1,41.65,0.0,41.65
O00193,L00388,SC0017,2026-05-17,App,2,42.85,0.0,85.7
O00193,L00389,SC0017,2026-05-17,App,1,47.34,0.0,47.34
O00194,L00390,SC0017,2026-06-09,App,2,47.87,0.0,95.74
O00194,L00391,SC0017,2026-06-09,App,1,61.48,0.0,61.48
O00195,L00392,SC0017,2026-06-13,Online,2,38.15,0.0,76.3
O00196,L00393,SC0018,2025-07-17,App,1,42.14,0.0,42.14
O00197,L00394,SC0018,2025-08-31,App,2,36.68,0.0,73.36
O00198,L00395,SC0018,2025-10-25,Online,1,47.04,0.2,37.63
O00199,L00396,SC0018,2026-02-08,Store,2,47.17,0.0,94.34
O00200,L00397,SC0018,2026-02-12,App,2,35.87,0.0,71.74
O00201,L00398,SC0018,2026-02-27,Online,1,30.62,0.2,24.5
O00201,L00399,SC0018,2026-02-27,Online,2,32.44,0.2,51.9
O00202,L00400,SC0018,2026-03-14,App,2,37.56,0.0,75.12
O00202,L00401,SC0018,2026-03-14,App,1,42.35,0.0,42.35
O00202,L00402,SC0018,2026-03-14,App,2,54.87,0.0,109.74
O00203,L00403,SC0018,2026-06-16,App,1,64.26,0.0,64.26
O00203,L00404,SC0018,2026-06-16,App,2,54.28,0.0,108.56
O00203,L00405,SC0018,2026-06-16,App,1,48.94,0.0,48.94
O00204,L00406,SC0019,2025-07-09,Store,1,58.03,0.0,58.03
O00204,L00407,SC0019,2025-07-09,Store,2,45.22,0.0,90.44
O00205,L00408,SC0019,2025-09-12,App,1,45.07,0.0,45.07
O00205,L00409,SC0019,2025-09-12,App,1,33.19,0.0,33.19
O00205,L00410,SC0019,2025-09-12,App,1,61.21,0.0,61.21
O00206,L00411,SC0019,2025-10-17,Online,1,59.79,0.3,41.85
O00206,L00412,SC0019,2025-10-17,Online,1,42.06,0.3,29.44
O00206,L00413,SC0019,2025-10-17,Online,1,56.93,0.3,39.85
O00207,L00414,SC0019,2025-11-13,App,1,32.18,0.0,32.18
O00208,L00415,SC0019,2025-12-02,Online,1,61.66,0.0,61.66
O00209,L00416,SC0019,2025-12-23,Online,2,60.17,0.0,120.34
O00209,L00417,SC0019,2025-12-23,Online,1,54.77,0.0,54.77
O00210,L00418,SC0019,2025-12-26,Online,2,33.36,0.0,66.72
O00210,L00419,SC0019,2025-12-26,Online,2,37.14,0.0,74.28
O00211,L00420,SC0019,2025-12-30,App,2,43.19,0.0,86.38
O00212,L00421,SC0019,2026-01-09,App,1,33.16,0.0,33.16
O00212,L00422,SC0019,2026-01-09,App,1,33.41,0.0,33.41
O00213,L00423,SC0019,2026-02-03,Store,1,45.85,0.0,45.85
O00213,L00424,SC0019,2026-02-03,Store,1,43.91,0.0,43.91
O00213,L00425,SC0019,2026-02-03,Store,1,47.17,0.0,47.17
O00214,L00426,SC0019,2026-02-04,App,1,43.76,0.0,43.76
O00214,L00427,SC0019,2026-02-04,App,1,53.04,0.0,53.04
O00214,L00428,SC0019,2026-02-04,App,2,55.33,0.0,110.66
O00215,L00429,SC0019,2026-02-06,Store,1,56.63,0.2,45.3
O00215,L00430,SC0019,2026-02-06,Store,1,45.91,0.2,36.73
O00215,L00431,SC0019,2026-02-06,Store,2,51.21,0.2,81.94
O00216,L00432,SC0019,2026-02-25,Store,1,57.08,0.0,57.08
O00217,L00433,SC0019,2026-06-29,Online,1,35.05,0.0,35.05
O00217,L00434,SC0019,2026-06-29,Online,2,52.91,0.0,105.82
O00218,L00435,SC0020,2025-07-17,Store,2,53.11,0.0,106.22
O00218,L00436,SC0020,2025-07-17,Store,2,47.97,0.0,95.94
O00219,L00437,SC0020,2025-08-19,Online,1,43.79,0.0,43.79
O00220,L00438,SC0020,2025-12-24,Online,2,57.0,0.0,114.0
O00220,L00439,SC0020,2025-12-24,Online,2,39.12,0.0,78.24
O00221,L00440,SC0020,2026-02-24,Online,1,58.53,0.0,58.53
O00222,L00441,SC0020,2026-03-17,Online,1,61.59,0.0,61.59
O00222,L00442,SC0020,2026-03-17,Online,1,59.12,0.0,59.12
O00222,L00443,SC0020,2026-03-17,Online,2,35.83,0.0,71.66
O00223,L00444,SC0020,2026-04-26,Store,1,31.9,0.0,31.9
O00224,L00445,SC0020,2026-05-19,App,1,46.34,0.3,32.44
O00224,L00446,SC0020,2026-05-19,App,2,36.87,0.3,51.62
O00224,L00447,SC0020,2026-05-19,App,2,51.94,0.3,72.72
O00225,L00448,SC0020,2026-06-01,App,1,53.95,0.25,40.46
O00225,L00449,SC0020,2026-06-01,App,1,61.75,0.25,46.31
O00226,L00450,SC0020,2026-06-06,Online,1,61.22,0.0,61.22
O00227,L00451,SC0021,2025-07-24,Online,2,48.99,0.0,97.98
O00227,L00452,SC0021,2025-07-24,Online,1,32.04,0.0,32.04
O00227,L00453,SC0021,2025-07-24,Online,2,31.21,0.0,62.42
O00228,L00454,SC0021,2025-08-02,App,1,62.46,0.0,62.46
O00229,L00455,SC0021,2025-10-22,Online,1,46.47,0.0,46.47
O00230,L00456,SC0021,2025-10-23,App,2,47.59,0.15,80.9
O00230,L00457,SC0021,2025-10-23,App,2,34.13,0.15,58.02
O00231,L00458,SC0021,2025-11-23,Online,1,37.56,0.0,37.56
O00231,L00459,SC0021,2025-11-23,Online,1,55.39,0.0,55.39
O00231,L00460,SC0021,2025-11-23,Online,2,42.71,0.0,85.42
O00232,L00461,SC0021,2026-01-22,Online,1,48.4,0.0,48.4
O00232,L00462,SC0021,2026-01-22,Online,1,48.45,0.0,48.45
O00233,L00463,SC0021,2026-02-24,App,1,33.21,0.0,33.21
O00233,L00464,SC0021,2026-02-24,App,1,42.65,0.0,42.65
O00233,L00465,SC0021,2026-02-24,App,1,62.68,0.0,62.68
O00234,L00466,SC0021,2026-02-28,Online,1,56.87,0.0,56.87
O00234,L00467,SC0021,2026-02-28,Online,1,39.93,0.0,39.93
O00235,L00468,SC0021,2026-04-22,Online,1,64.28,0.0,64.28
O00235,L00469,SC0021,2026-04-22,Online,1,31.58,0.0,31.58
O00236,L00470,SC0021,2026-04-26,App,1,31.1,0.3,21.77
O00236,L00471,SC0021,2026-04-26,App,2,50.46,0.3,70.64
O00237,L00472,SC0021,2026-05-23,App,2,56.96,0.0,113.92
O00238,L00473,SC0021,2026-06-29,App,2,62.28,0.0,124.56
O00238,L00474,SC0021,2026-06-29,App,1,30.68,0.0,30.68
O00238,L00475,SC0021,2026-06-29,App,2,30.96,0.0,61.92
O00239,L00476,SC0021,2026-06-29,App,1,49.77,0.0,49.77
O00240,L00477,SC0022,2025-07-03,Online,2,60.64,0.25,90.96
O00240,L00478,SC0022,2025-07-03,Online,1,59.99,0.25,44.99
O00241,L00479,SC0022,2025-10-15,App,2,47.99,0.0,95.98
O00241,L00480,SC0022,2025-10-15,App,2,40.66,0.0,81.32
O00242,L00481,SC0022,2025-10-31,Online,1,63.22,0.0,63.22
O00242,L00482,SC0022,2025-10-31,Online,1,57.06,0.0,57.06
O00243,L00483,SC0022,2025-12-07,Online,1,64.99,0.15,55.24
O00243,L00484,SC0022,2025-12-07,Online,2,62.94,0.15,107.0
O00244,L00485,SC0022,2025-12-30,Store,1,45.46,0.0,45.46
O00244,L00486,SC0022,2025-12-30,Store,1,46.84,0.0,46.84
O00244,L00487,SC0022,2025-12-30,Store,2,49.98,0.0,99.96
O00245,L00488,SC0022,2026-01-12,Store,1,54.24,0.0,54.24
O00245,L00489,SC0022,2026-01-12,Store,2,57.07,0.0,114.14
O00246,L00490,SC0022,2026-02-15,Online,1,64.91,0.0,64.91
O00246,L00491,SC0022,2026-02-15,Online,1,42.93,0.0,42.93
O00246,L00492,SC0022,2026-02-15,Online,1,40.06,0.0,40.06
O00247,L00493,SC0022,2026-04-15,App,1,35.04,0.0,35.04
O00248,L00494,SC0022,2026-05-19,Online,2,33.41,0.0,66.82
O00248,L00495,SC0022,2026-05-19,Online,2,36.84,0.0,73.68
O00249,L00496,SC0022,2026-05-28,Online,1,63.37,0.0,63.37
O00249,L00497,SC0022,2026-05-28,Online,1,62.61,0.0,62.61
O00250,L00498,SC0022,2026-06-15,App,2,30.4,0.25,45.6
O00251,L00499,SC0023,2025-09-11,Store,1,33.16,0.0,33.16
O00251,L00500,SC0023,2025-09-11,Store,1,36.05,0.0,36.05
O00251,L00501,SC0023,2025-09-11,Store,1,51.7,0.0,51.7
O00252,L00502,SC0023,2025-09-13,Store,1,34.1,0.0,34.1
O00252,L00503,SC0023,2025-09-13,Store,1,41.3,0.0,41.3
O00253,L00504,SC0023,2025-10-06,Store,2,39.9,0.0,79.8
O00253,L00505,SC0023,2025-10-06,Store,1,60.52,0.0,60.52
O00254,L00506,SC0023,2026-01-17,Store,1,54.93,0.0,54.93
O00255,L00507,SC0023,2026-01-24,Online,1,32.41,0.15,27.55
O00256,L00508,SC0023,2026-04-20,Store,1,51.0,0.0,51.0
O00256,L00509,SC0023,2026-04-20,Store,1,52.07,0.0,52.07
O00257,L00510,SC0023,2026-04-23,Online,1,36.52,0.0,36.52
O00257,L00511,SC0023,2026-04-23,Online,2,55.14,0.0,110.28
O00258,L00512,SC0023,2026-06-13,App,1,50.42,0.15,42.86
O00258,L00513,SC0023,2026-06-13,App,2,57.94,0.15,98.5
O00258,L00514,SC0023,2026-06-13,App,1,53.69,0.15,45.64
O00259,L00515,SC0023,2026-06-23,App,1,59.82,0.0,59.82
O00260,L00516,SC0024,2025-07-12,Online,1,42.71,0.0,42.71
O00261,L00517,SC0024,2025-08-07,Store,1,39.66,0.0,39.66
O00262,L00518,SC0024,2025-09-23,Online,1,59.44,0.0,59.44
O00262,L00519,SC0024,2025-09-23,Online,1,43.71,0.0,43.71
O00263,L00520,SC0024,2025-10-04,App,1,52.7,0.0,52.7
O00263,L00521,SC0024,2025-10-04,App,2,42.78,0.0,85.56
O00263,L00522,SC0024,2025-10-04,App,2,55.91,0.0,111.82
O00264,L00523,SC0024,2025-11-04,App,1,42.73,0.0,42.73
O00264,L00524,SC0024,2025-11-04,App,1,37.34,0.0,37.34
O00264,L00525,SC0024,2025-11-04,App,2,39.7,0.0,79.4
O00265,L00526,SC0024,2025-12-07,Store,1,32.18,0.0,32.18
O00265,L00527,SC0024,2025-12-07,Store,1,44.25,0.0,44.25
O00266,L00528,SC0024,2025-12-11,App,2,52.49,0.0,104.98
O00266,L00529,SC0024,2025-12-11,App,1,45.72,0.0,45.72
O00267,L00530,SC0024,2026-02-19,App,1,50.72,0.0,50.72
O00268,L00531,SC0024,2026-02-28,App,1,40.21,0.0,40.21
O00268,L00532,SC0024,2026-02-28,App,1,43.18,0.0,43.18
O00269,L00533,SC0024,2026-03-04,App,1,60.37,0.0,60.37
O00269,L00534,SC0024,2026-03-04,App,2,53.21,0.0,106.42
O00269,L00535,SC0024,2026-03-04,App,1,55.6,0.0,55.6
O00270,L00536,SC0024,2026-04-17,Online,1,56.52,0.0,56.52
O00270,L00537,SC0024,2026-04-17,Online,2,30.91,0.0,61.82
O00271,L00538,SC0024,2026-04-21,Store,1,48.62,0.0,48.62
O00271,L00539,SC0024,2026-04-21,Store,2,52.35,0.0,104.7
O00272,L00540,SC0024,2026-05-08,App,1,54.64,0.0,54.64
O00272,L00541,SC0024,2026-05-08,App,2,59.77,0.0,119.54
O00273,L00542,SC0024,2026-05-15,App,2,47.43,0.0,94.86
O00274,L00543,SC0024,2026-06-20,App,1,34.37,0.0,34.37
O00275,L00544,SC0025,2025-09-21,Store,2,54.7,0.0,109.4
O00275,L00545,SC0025,2025-09-21,Store,2,54.2,0.0,108.4
O00275,L00546,SC0025,2025-09-21,Store,1,61.73,0.0,61.73
O00276,L00547,SC0025,2025-10-02,App,2,42.5,0.0,85.0
O00276,L00548,SC0025,2025-10-02,App,1,52.68,0.0,52.68
O00276,L00549,SC0025,2025-10-02,App,2,63.46,0.0,126.92
O00277,L00550,SC0025,2025-10-21,Online,2,37.4,0.0,74.8
O00278,L00551,SC0025,2025-11-02,Online,1,57.95,0.25,43.46
O00279,L00552,SC0025,2026-01-20,Store,1,31.88,0.0,31.88
O00279,L00553,SC0025,2026-01-20,Store,1,59.04,0.0,59.04
O00280,L00554,SC0025,2026-05-03,Online,1,36.0,0.15,30.6
O00280,L00555,SC0025,2026-05-03,Online,1,58.6,0.15,49.81
O00280,L00556,SC0025,2026-05-03,Online,2,52.36,0.15,89.01
O00281,L00557,SC0025,2026-05-17,Store,1,35.74,0.0,35.74
O00282,L00558,SC0025,2026-06-15,Online,2,42.33,0.0,84.66
O00282,L00559,SC0025,2026-06-15,Online,2,38.21,0.0,76.42
O00283,L00560,SC0026,2025-08-19,Online,2,59.64,0.0,119.28
O00284,L00561,SC0026,2025-10-13,Store,1,59.19,0.0,59.19
O00284,L00562,SC0026,2025-10-13,Store,1,31.05,0.0,31.05
O00285,L00563,SC0026,2025-11-29,App,2,59.91,0.0,119.82
O00285,L00564,SC0026,2025-11-29,App,1,39.88,0.0,39.88
O00286,L00565,SC0026,2025-12-21,App,1,41.79,0.15,35.52
O00287,L00566,SC0026,2026-01-18,Store,1,34.62,0.0,34.62
O00287,L00567,SC0026,2026-01-18,Store,2,55.59,0.0,111.18
O00287,L00568,SC0026,2026-01-18,Store,1,60.05,0.0,60.05
O00288,L00569,SC0026,2026-01-22,Store,1,44.33,0.0,44.33
O00288,L00570,SC0026,2026-01-22,Store,1,58.2,0.0,58.2
O00289,L00571,SC0026,2026-02-10,Online,1,40.14,0.0,40.14
O00290,L00572,SC0026,2026-03-01,App,2,43.99,0.0,87.98
O00291,L00573,SC0026,2026-06-12,Online,1,41.85,0.0,41.85
O00292,L00574,SC0026,2026-06-28,App,1,36.48,0.0,36.48
O00292,L00575,SC0026,2026-06-28,App,2,45.98,0.0,91.96
O00292,L00576,SC0026,2026-06-28,App,2,52.3,0.0,104.6
O00293,L00577,SC0027,2025-08-04,App,1,47.84,0.0,47.84
O00293,L00578,SC0027,2025-08-04,App,1,56.39,0.0,56.39
O00293,L00579,SC0027,2025-08-04,App,1,55.77,0.0,55.77
O00294,L00580,SC0027,2025-10-11,Store,1,60.02,0.0,60.02
O00295,L00581,SC0027,2025-10-26,Store,2,46.02,0.0,92.04
O00296,L00582,SC0027,2025-10-28,Store,1,41.86,0.0,41.86
O00296,L00583,SC0027,2025-10-28,Store,1,55.5,0.0,55.5
O00296,L00584,SC0027,2025-10-28,Store,1,59.71,0.0,59.71
O00297,L00585,SC0027,2025-12-16,Online,1,32.88,0.0,32.88
O00298,L00586,SC0027,2026-01-04,Online,1,51.18,0.0,51.18
O00299,L00587,SC0027,2026-01-12,Online,2,37.8,0.0,75.6
O00299,L00588,SC0027,2026-01-12,Online,1,50.95,0.0,50.95
O00300,L00589,SC0027,2026-01-22,Store,1,34.87,0.0,34.87
O00300,L00590,SC0027,2026-01-22,Store,1,38.4,0.0,38.4
O00300,L00591,SC0027,2026-01-22,Store,1,44.21,0.0,44.21
O00301,L00592,SC0027,2026-03-01,App,1,59.32,0.0,59.32
O00301,L00593,SC0027,2026-03-01,App,1,35.99,0.0,35.99
O00301,L00594,SC0027,2026-03-01,App,1,52.53,0.0,52.53
O00302,L00595,SC0027,2026-03-09,App,1,34.94,0.0,34.94
O00302,L00596,SC0027,2026-03-09,App,1,52.51,0.0,52.51
O00302,L00597,SC0027,2026-03-09,App,2,43.22,0.0,86.44
O00303,L00598,SC0027,2026-05-18,App,2,50.06,0.0,100.12
O00303,L00599,SC0027,2026-05-18,App,1,54.25,0.0,54.25
O00303,L00600,SC0027,2026-05-18,App,1,62.26,0.0,62.26
O00304,L00601,SC0027,2026-06-28,Online,1,37.39,0.0,37.39
O00304,L00602,SC0027,2026-06-28,Online,2,32.98,0.0,65.96
O00304,L00603,SC0027,2026-06-28,Online,1,55.53,0.0,55.53
O00305,L00604,SC0028,2025-08-19,App,1,64.66,0.0,64.66
O00306,L00605,SC0028,2025-09-15,Online,1,45.9,0.0,45.9
O00306,L00606,SC0028,2025-09-15,Online,1,52.8,0.0,52.8
O00307,L00607,SC0028,2025-12-09,App,1,63.58,0.2,50.86
O00308,L00608,SC0028,2026-01-03,Store,2,51.11,0.0,102.22
O00308,L00609,SC0028,2026-01-03,Store,1,58.22,0.0,58.22
O00308,L00610,SC0028,2026-01-03,Store,1,43.76,0.0,43.76
O00309,L00611,SC0028,2026-02-05,App,2,36.37,0.0,72.74
O00309,L00612,SC0028,2026-02-05,App,1,63.94,0.0,63.94
O00310,L00613,SC0028,2026-02-09,Store,2,34.53,0.0,69.06
O00311,L00614,SC0028,2026-03-18,Store,2,41.47,0.0,82.94
O00311,L00615,SC0028,2026-03-18,Store,1,61.8,0.0,61.8
O00312,L00616,SC0028,2026-04-04,Online,1,43.41,0.0,43.41
O00312,L00617,SC0028,2026-04-04,Online,1,43.64,0.0,43.64
O00312,L00618,SC0028,2026-04-04,Online,1,55.0,0.0,55.0
O00313,L00619,SC0028,2026-04-14,Online,1,51.02,0.0,51.02
O00313,L00620,SC0028,2026-04-14,Online,2,55.26,0.0,110.52
O00314,L00621,SC0028,2026-05-04,Online,1,44.93,0.0,44.93
O00314,L00622,SC0028,2026-05-04,Online,2,37.09,0.0,74.18
O00315,L00623,SC0028,2026-06-14,Online,1,38.32,0.0,38.32
O00316,L00624,SC0029,2025-07-21,Store,1,50.03,0.0,50.03
O00317,L00625,SC0029,2025-08-04,Online,1,58.8,0.0,58.8
O00317,L00626,SC0029,2025-08-04,Online,1,64.86,0.0,64.86
O00317,L00627,SC0029,2025-08-04,Online,2,55.59,0.0,111.18
O00318,L00628,SC0029,2025-08-11,Online,1,57.59,0.0,57.59
O00318,L00629,SC0029,2025-08-11,Online,1,40.79,0.0,40.79
O00319,L00630,SC0029,2025-09-09,Online,1,56.5,0.0,56.5
O00319,L00631,SC0029,2025-09-09,Online,1,46.9,0.0,46.9
O00320,L00632,SC0029,2026-02-23,Store,1,31.35,0.0,31.35
O00321,L00633,SC0029,2026-03-07,Online,1,53.37,0.0,53.37
O00322,L00634,SC0029,2026-03-10,Store,2,64.43,0.0,128.86
O00322,L00635,SC0029,2026-03-10,Store,1,31.51,0.0,31.51
O00323,L00636,SC0029,2026-03-11,App,2,47.34,0.0,94.68
O00324,L00637,SC0029,2026-03-15,Store,1,48.75,0.0,48.75
O00324,L00638,SC0029,2026-03-15,Store,1,32.14,0.0,32.14
O00324,L00639,SC0029,2026-03-15,Store,2,30.36,0.0,60.72
O00325,L00640,SC0029,2026-03-27,Online,2,56.72,0.0,113.44
O00325,L00641,SC0029,2026-03-27,Online,1,39.25,0.0,39.25
O00326,L00642,SC0029,2026-05-27,Online,1,30.01,0.25,22.51
O00326,L00643,SC0029,2026-05-27,Online,2,46.79,0.25,70.19
O00326,L00644,SC0029,2026-05-27,Online,1,59.62,0.25,44.72
O00327,L00645,SC0029,2026-06-06,Online,2,53.18,0.0,106.36
O00327,L00646,SC0029,2026-06-06,Online,1,37.32,0.0,37.32
O00328,L00647,SC0030,2025-07-04,App,1,49.36,0.25,37.02
O00328,L00648,SC0030,2025-07-04,App,1,54.66,0.25,41.0
O00329,L00649,SC0030,2025-07-08,Store,2,62.94,0.0,125.88
O00329,L00650,SC0030,2025-07-08,Store,2,35.96,0.0,71.92
O00329,L00651,SC0030,2025-07-08,Store,2,58.05,0.0,116.1
O00330,L00652,SC0030,2025-07-22,App,2,35.64,0.0,71.28
O00330,L00653,SC0030,2025-07-22,App,1,56.97,0.0,56.97
O00331,L00654,SC0030,2025-08-07,Store,2,32.52,0.0,65.04
O00331,L00655,SC0030,2025-08-07,Store,1,59.86,0.0,59.86
O00332,L00656,SC0030,2025-08-14,Store,2,47.99,0.0,95.98
O00332,L00657,SC0030,2025-08-14,Store,1,62.19,0.0,62.19
O00332,L00658,SC0030,2025-08-14,Store,1,40.41,0.0,40.41
O00333,L00659,SC0030,2025-10-09,Store,2,57.9,0.0,115.8
O00333,L00660,SC0030,2025-10-09,Store,1,51.11,0.0,51.11
O00334,L00661,SC0030,2025-11-23,Online,1,59.93,0.0,59.93
O00335,L00662,SC0030,2026-01-27,Online,1,43.15,0.0,43.15
O00336,L00663,SC0030,2026-03-22,Online,1,40.78,0.0,40.78
O00336,L00664,SC0030,2026-03-22,Online,1,64.38,0.0,64.38
O00337,L00665,SC0030,2026-04-21,Store,2,35.4,0.0,70.8
O00337,L00666,SC0030,2026-04-21,Store,1,34.95,0.0,34.95
O00337,L00667,SC0030,2026-04-21,Store,2,48.97,0.0,97.94
O00338,L00668,SC0030,2026-05-11,Store,1,57.67,0.0,57.67
O00339,L00669,SC0030,2026-05-23,App,1,61.28,0.0,61.28
O00340,L00670,SC0030,2026-06-12,App,1,38.96,0.2,31.17
O00340,L00671,SC0030,2026-06-12,App,1,61.26,0.2,49.01
O00340,L00672,SC0030,2026-06-12,App,1,50.94,0.2,40.75
O00341,L00673,SC0031,2025-08-13,Online,1,43.75,0.25,32.81
O00341,L00674,SC0031,2025-08-13,Online,1,38.45,0.25,28.84
O00341,L00675,SC0031,2025-08-13,Online,2,48.47,0.25,72.71
O00342,L00676,SC0031,2025-08-14,App,1,30.45,0.0,30.45
O00343,L00677,SC0031,2025-09-14,Store,1,33.81,0.0,33.81
O00344,L00678,SC0031,2025-11-13,Online,1,35.89,0.0,35.89
O00344,L00679,SC0031,2025-11-13,Online,2,61.85,0.0,123.7
O00344,L00680,SC0031,2025-11-13,Online,1,61.44,0.0,61.44
O00345,L00681,SC0031,2025-12-04,Online,1,53.66,0.0,53.66
O00345,L00682,SC0031,2025-12-04,Online,1,57.2,0.0,57.2
O00346,L00683,SC0031,2026-01-30,Online,2,62.78,0.0,125.56
O00346,L00684,SC0031,2026-01-30,Online,1,58.9,0.0,58.9
O00346,L00685,SC0031,2026-01-30,Online,1,58.72,0.0,58.72
O00347,L00686,SC0031,2026-02-24,App,1,36.78,0.0,36.78
O00347,L00687,SC0031,2026-02-24,App,1,44.28,0.0,44.28
O00348,L00688,SC0031,2026-03-14,Store,1,37.37,0.0,37.37
O00348,L00689,SC0031,2026-03-14,Store,1,60.98,0.0,60.98
O00348,L00690,SC0031,2026-03-14,Store,1,62.23,0.0,62.23
O00349,L00691,SC0031,2026-04-25,App,1,63.65,0.0,63.65
O00349,L00692,SC0031,2026-04-25,App,1,58.13,0.0,58.13
O00350,L00693,SC0031,2026-06-25,App,1,30.97,0.0,30.97
O00351,L00694,SC0032,2025-07-04,Online,1,37.93,0.15,32.24
O00351,L00695,SC0032,2025-07-04,Online,2,63.38,0.15,107.75
O00351,L00696,SC0032,2025-07-04,Online,1,43.84,0.15,37.26
O00352,L00697,SC0032,2025-08-20,Online,2,54.77,0.0,109.54
O00352,L00698,SC0032,2025-08-20,Online,1,61.11,0.0,61.11
O00353,L00699,SC0032,2025-09-16,Online,1,35.44,0.0,35.44
O00353,L00700,SC0032,2025-09-16,Online,1,64.05,0.0,64.05
O00354,L00701,SC0032,2025-09-19,Store,2,54.98,0.0,109.96
O00354,L00702,SC0032,2025-09-19,Store,1,46.87,0.0,46.87
O00355,L00703,SC0032,2025-11-19,App,2,52.56,0.0,105.12
O00355,L00704,SC0032,2025-11-19,App,1,48.98,0.0,48.98
O00356,L00705,SC0032,2025-11-24,Store,1,61.58,0.0,61.58
O00356,L00706,SC0032,2025-11-24,Store,2,59.2,0.0,118.4
O00356,L00707,SC0032,2025-11-24,Store,2,34.77,0.0,69.54
O00357,L00708,SC0032,2025-12-07,Store,1,30.39,0.0,30.39
O00357,L00709,SC0032,2025-12-07,Store,1,39.29,0.0,39.29
O00357,L00710,SC0032,2025-12-07,Store,1,41.93,0.0,41.93
O00358,L00711,SC0032,2026-06-12,Store,1,39.39,0.15,33.48
O00358,L00712,SC0032,2026-06-12,Store,1,50.18,0.15,42.65
O00358,L00713,SC0032,2026-06-12,Store,2,60.36,0.15,102.61
O00359,L00714,SC0032,2026-06-21,Online,1,61.0,0.0,61.0
O00359,L00715,SC0032,2026-06-21,Online,1,36.49,0.0,36.49
O00359,L00716,SC0032,2026-06-21,Online,1,63.53,0.0,63.53
O00360,L00717,SC0033,2025-07-07,Online,2,39.76,0.0,79.52
O00360,L00718,SC0033,2025-07-07,Online,2,39.95,0.0,79.9
O00361,L00719,SC0033,2025-08-18,App,1,40.06,0.0,40.06
O00361,L00720,SC0033,2025-08-18,App,1,64.71,0.0,64.71
O00361,L00721,SC0033,2025-08-18,App,1,34.2,0.0,34.2
O00362,L00722,SC0033,2025-09-23,Store,1,36.08,0.0,36.08
O00362,L00723,SC0033,2025-09-23,Store,2,38.21,0.0,76.42
O00363,L00724,SC0033,2025-10-27,Store,1,55.81,0.0,55.81
O00364,L00725,SC0033,2025-11-09,Online,2,43.95,0.0,87.9
O00364,L00726,SC0033,2025-11-09,Online,1,63.6,0.0,63.6
O00364,L00727,SC0033,2025-11-09,Online,2,31.38,0.0,62.76
O00365,L00728,SC0033,2026-02-26,App,1,52.89,0.15,44.96
O00365,L00729,SC0033,2026-02-26,App,1,45.02,0.15,38.27
O00365,L00730,SC0033,2026-02-26,App,2,48.14,0.15,81.84
O00366,L00731,SC0033,2026-04-15,App,2,57.88,0.0,115.76
O00367,L00732,SC0033,2026-05-16,App,1,37.71,0.0,37.71
O00367,L00733,SC0033,2026-05-16,App,1,45.26,0.0,45.26
O00367,L00734,SC0033,2026-05-16,App,2,42.02,0.0,84.04
O00368,L00735,SC0033,2026-05-28,Store,1,38.99,0.0,38.99
O00369,L00736,SC0033,2026-06-03,App,2,64.68,0.0,129.36
O00369,L00737,SC0033,2026-06-03,App,1,50.61,0.0,50.61
O00370,L00738,SC0033,2026-06-28,Store,2,30.49,0.0,60.98
O00371,L00739,SC0034,2025-07-03,Online,1,31.51,0.0,31.51
O00371,L00740,SC0034,2025-07-03,Online,1,35.3,0.0,35.3
O00372,L00741,SC0034,2025-07-15,App,2,43.86,0.0,87.72
O00372,L00742,SC0034,2025-07-15,App,1,55.76,0.0,55.76
O00372,L00743,SC0034,2025-07-15,App,1,55.97,0.0,55.97
O00373,L00744,SC0034,2025-08-10,Store,1,62.44,0.0,62.44
O00373,L00745,SC0034,2025-08-10,Store,2,45.78,0.0,91.56
O00373,L00746,SC0034,2025-08-10,Store,1,37.57,0.0,37.57
O00374,L00747,SC0034,2025-08-31,Store,1,50.06,0.0,50.06
O00375,L00748,SC0034,2025-10-18,Online,1,46.94,0.0,46.94
O00376,L00749,SC0034,2025-11-22,App,1,33.98,0.0,33.98
O00376,L00750,SC0034,2025-11-22,App,1,60.07,0.0,60.07
O00377,L00751,SC0034,2026-02-05,Online,1,43.87,0.0,43.87
O00377,L00752,SC0034,2026-02-05,Online,1,32.38,0.0,32.38
O00377,L00753,SC0034,2026-02-05,Online,1,47.86,0.0,47.86
O00378,L00754,SC0034,2026-03-12,App,1,55.16,0.0,55.16
O00379,L00755,SC0034,2026-06-03,Store,2,56.39,0.0,112.78
O00379,L00756,SC0034,2026-06-03,Store,1,53.7,0.0,53.7
O00380,L00757,SC0034,2026-06-11,Online,2,45.72,0.0,91.44
O00380,L00758,SC0034,2026-06-11,Online,2,55.85,0.0,111.7
O00380,L00759,SC0034,2026-06-11,Online,1,45.77,0.0,45.77
O00381,L00760,SC0035,2025-07-09,Online,1,54.05,0.0,54.05
O00381,L00761,SC0035,2025-07-09,Online,2,32.54,0.0,65.08
O00381,L00762,SC0035,2025-07-09,Online,1,45.4,0.0,45.4
O00382,L00763,SC0035,2025-08-02,App,1,41.85,0.0,41.85
O00382,L00764,SC0035,2025-08-02,App,1,53.26,0.0,53.26
O00382,L00765,SC0035,2025-08-02,App,1,62.76,0.0,62.76
O00383,L00766,SC0035,2025-10-02,App,2,32.89,0.0,65.78
O00384,L00767,SC0035,2025-12-02,Online,1,43.2,0.0,43.2
O00384,L00768,SC0035,2025-12-02,Online,1,50.46,0.0,50.46
O00384,L00769,SC0035,2025-12-02,Online,1,33.77,0.0,33.77
O00385,L00770,SC0035,2025-12-10,App,2,59.46,0.0,118.92
O00385,L00771,SC0035,2025-12-10,App,1,44.43,0.0,44.43
O00385,L00772,SC0035,2025-12-10,App,1,61.81,0.0,61.81
O00386,L00773,SC0035,2025-12-30,Online,1,53.62,0.0,53.62
O00386,L00774,SC0035,2025-12-30,Online,2,57.89,0.0,115.78
O00386,L00775,SC0035,2025-12-30,Online,1,37.38,0.0,37.38
O00387,L00776,SC0035,2025-12-30,Store,1,57.92,0.0,57.92
O00387,L00777,SC0035,2025-12-30,Store,1,33.77,0.0,33.77
O00387,L00778,SC0035,2025-12-30,Store,2,52.6,0.0,105.2
O00388,L00779,SC0035,2026-02-25,Online,1,45.35,0.0,45.35
O00388,L00780,SC0035,2026-02-25,Online,1,62.29,0.0,62.29
O00389,L00781,SC0035,2026-04-18,Store,1,62.05,0.0,62.05
O00389,L00782,SC0035,2026-04-18,Store,1,45.69,0.0,45.69
O00389,L00783,SC0035,2026-04-18,Store,1,34.71,0.0,34.71
O00390,L00784,SC0035,2026-04-26,App,1,36.81,0.0,36.81
O00390,L00785,SC0035,2026-04-26,App,2,30.72,0.0,61.44
O00391,L00786,SC0035,2026-06-09,Online,2,61.78,0.0,123.56
O00391,L00787,SC0035,2026-06-09,Online,2,54.31,0.0,108.62
O00392,L00788,SC0035,2026-06-18,Online,2,47.61,0.15,80.94
O00393,L00789,SC0036,2025-08-09,Online,2,32.83,0.0,65.66
O00393,L00790,SC0036,2025-08-09,Online,1,53.53,0.0,53.53
O00394,L00791,SC0036,2025-09-20,App,1,50.61,0.0,50.61
O00394,L00792,SC0036,2025-09-20,App,1,49.1,0.0,49.1
O00395,L00793,SC0036,2025-10-10,Online,1,57.69,0.0,57.69
O00395,L00794,SC0036,2025-10-10,Online,1,45.02,0.0,45.02
O00396,L00795,SC0036,2025-11-03,Store,1,30.94,0.0,30.94
O00396,L00796,SC0036,2025-11-03,Store,1,58.55,0.0,58.55
O00397,L00797,SC0036,2026-01-27,App,1,33.96,0.0,33.96
O00397,L00798,SC0036,2026-01-27,App,1,34.24,0.0,34.24
O00398,L00799,SC0036,2026-03-25,App,1,63.39,0.0,63.39
O00399,L00800,SC0036,2026-04-03,Store,1,30.78,0.0,30.78
O00399,L00801,SC0036,2026-04-03,Store,1,61.86,0.0,61.86
O00399,L00802,SC0036,2026-04-03,Store,1,38.65,0.0,38.65
O00400,L00803,SC0036,2026-06-18,App,1,46.19,0.0,46.19
O00400,L00804,SC0036,2026-06-18,App,2,62.33,0.0,124.66
O00400,L00805,SC0036,2026-06-18,App,2,59.32,0.0,118.64
O00401,L00806,SC0036,2026-06-19,Store,2,60.59,0.0,121.18
O00401,L00807,SC0036,2026-06-19,Store,2,62.43,0.0,124.86
O00402,L00808,SC0037,2025-07-08,Store,1,56.27,0.0,56.27
O00403,L00809,SC0037,2025-07-19,Online,1,63.56,0.0,63.56
O00403,L00810,SC0037,2025-07-19,Online,1,36.73,0.0,36.73
O00404,L00811,SC0037,2025-08-09,App,2,64.92,0.0,129.84
O00404,L00812,SC0037,2025-08-09,App,1,53.08,0.0,53.08
O00405,L00813,SC0037,2025-08-14,Online,1,52.06,0.0,52.06
O00406,L00814,SC0037,2025-09-11,App,1,42.12,0.0,42.12
O00406,L00815,SC0037,2025-09-11,App,1,30.88,0.0,30.88
O00406,L00816,SC0037,2025-09-11,App,1,30.7,0.0,30.7
O00407,L00817,SC0037,2025-09-22,Online,1,43.71,0.0,43.71
O00407,L00818,SC0037,2025-09-22,Online,1,32.97,0.0,32.97
O00408,L00819,SC0037,2025-09-28,Store,2,43.89,0.0,87.78
O00408,L00820,SC0037,2025-09-28,Store,1,56.98,0.0,56.98
O00409,L00821,SC0037,2025-12-07,Online,2,56.91,0.0,113.82
O00409,L00822,SC0037,2025-12-07,Online,2,61.28,0.0,122.56
O00409,L00823,SC0037,2025-12-07,Online,2,59.79,0.0,119.58
O00410,L00824,SC0037,2025-12-25,Online,2,35.77,0.0,71.54
O00410,L00825,SC0037,2025-12-25,Online,2,39.02,0.0,78.04
O00410,L00826,SC0037,2025-12-25,Online,1,50.32,0.0,50.32
O00411,L00827,SC0037,2026-01-21,Online,2,61.66,0.0,123.32
O00412,L00828,SC0037,2026-03-18,Online,1,31.38,0.0,31.38
O00412,L00829,SC0037,2026-03-18,Online,1,51.0,0.0,51.0
O00413,L00830,SC0037,2026-05-31,Store,1,55.8,0.0,55.8
O00413,L00831,SC0037,2026-05-31,Store,1,53.21,0.0,53.21
O00413,L00832,SC0037,2026-05-31,Store,1,47.32,0.0,47.32
O00414,L00833,SC0037,2026-06-20,App,1,30.98,0.0,30.98
O00414,L00834,SC0037,2026-06-20,App,2,46.96,0.0,93.92
O00414,L00835,SC0037,2026-06-20,App,1,35.76,0.0,35.76
O00415,L00836,SC0038,2025-07-01,App,2,57.16,0.0,114.32
O00415,L00837,SC0038,2025-07-01,App,1,54.72,0.0,54.72
O00415,L00838,SC0038,2025-07-01,App,1,61.49,0.0,61.49
O00416,L00839,SC0038,2025-07-22,Store,2,34.01,0.0,68.02
O00416,L00840,SC0038,2025-07-22,Store,1,55.28,0.0,55.28
O00416,L00841,SC0038,2025-07-22,Store,2,50.48,0.0,100.96
O00417,L00842,SC0038,2025-09-03,App,1,44.38,0.0,44.38
O00417,L00843,SC0038,2025-09-03,App,1,56.23,0.0,56.23
O00418,L00844,SC0038,2025-10-09,App,1,54.49,0.0,54.49
O00418,L00845,SC0038,2025-10-09,App,2,63.94,0.0,127.88
O00418,L00846,SC0038,2025-10-09,App,1,39.02,0.0,39.02
O00419,L00847,SC0038,2025-11-24,App,1,31.85,0.0,31.85
O00419,L00848,SC0038,2025-11-24,App,1,30.52,0.0,30.52
O00420,L00849,SC0038,2026-01-06,Online,1,52.36,0.0,52.36
O00421,L00850,SC0038,2026-01-11,App,1,31.35,0.0,31.35
O00421,L00851,SC0038,2026-01-11,App,2,50.92,0.0,101.84
O00422,L00852,SC0038,2026-03-28,Online,2,59.72,0.0,119.44
O00423,L00853,SC0038,2026-04-17,App,1,34.56,0.0,34.56
O00423,L00854,SC0038,2026-04-17,App,1,54.91,0.0,54.91
O00423,L00855,SC0038,2026-04-17,App,1,36.3,0.0,36.3
O00424,L00856,SC0038,2026-04-30,Online,1,36.6,0.0,36.6
O00425,L00857,SC0038,2026-06-01,App,1,46.43,0.0,46.43
O00425,L00858,SC0038,2026-06-01,App,1,39.69,0.0,39.69
O00425,L00859,SC0038,2026-06-01,App,2,58.76,0.0,117.52
O00426,L00860,SC0038,2026-06-06,App,1,50.81,0.0,50.81
O00427,L00861,SC0038,2026-06-06,Online,1,62.22,0.0,62.22
O00427,L00862,SC0038,2026-06-06,Online,1,57.69,0.0,57.69
O00428,L00863,SC0039,2025-08-19,App,1,54.45,0.0,54.45
O00429,L00864,SC0039,2025-08-28,App,2,38.15,0.0,76.3
O00429,L00865,SC0039,2025-08-28,App,1,54.83,0.0,54.83
O00430,L00866,SC0039,2025-08-31,App,1,59.68,0.15,50.73
O00431,L00867,SC0039,2026-01-06,App,2,46.62,0.0,93.24
O00431,L00868,SC0039,2026-01-06,App,1,38.79,0.0,38.79
O00431,L00869,SC0039,2026-01-06,App,1,44.43,0.0,44.43
O00432,L00870,SC0039,2026-03-02,App,1,37.52,0.0,37.52
O00432,L00871,SC0039,2026-03-02,App,2,45.02,0.0,90.04
O00433,L00872,SC0039,2026-03-27,Store,1,60.28,0.25,45.21
O00433,L00873,SC0039,2026-03-27,Store,1,62.66,0.25,47.0
O00434,L00874,SC0039,2026-04-08,Store,2,60.87,0.0,121.74
O00435,L00875,SC0039,2026-06-07,App,1,37.64,0.0,37.64
O00436,L00876,SC0039,2026-06-24,App,2,56.37,0.0,112.74
O00436,L00877,SC0039,2026-06-24,App,1,42.74,0.0,42.74
O00437,L00878,SC0040,2025-10-14,Online,2,40.27,0.0,80.54
O00438,L00879,SC0040,2025-10-19,Online,2,37.09,0.2,59.34
O00438,L00880,SC0040,2025-10-19,Online,1,31.51,0.2,25.21
O00439,L00881,SC0040,2025-12-30,Store,2,31.79,0.0,63.58
O00439,L00882,SC0040,2025-12-30,Store,1,59.54,0.0,59.54
O00439,L00883,SC0040,2025-12-30,Store,2,63.67,0.0,127.34
O00440,L00884,SC0040,2026-01-20,Online,1,34.19,0.0,34.19
O00441,L00885,SC0040,2026-02-07,Online,2,34.2,0.0,68.4
O00442,L00886,SC0040,2026-05-12,App,2,40.68,0.0,81.36
O00443,L00887,SC0040,2026-05-26,Online,1,46.59,0.0,46.59
O00443,L00888,SC0040,2026-05-26,Online,1,56.08,0.0,56.08
O00444,L00889,SC0040,2026-05-31,Store,1,46.17,0.0,46.17
O00444,L00890,SC0040,2026-05-31,Store,1,57.53,0.0,57.53
O00444,L00891,SC0040,2026-05-31,Store,2,47.68,0.0,95.36
O00445,L00892,SC0040,2026-06-08,Online,2,36.39,0.0,72.78
O00445,L00893,SC0040,2026-06-08,Online,1,48.58,0.0,48.58
O00446,L00894,SC0041,2025-08-28,Online,1,58.58,0.0,58.58
O00446,L00895,SC0041,2025-08-28,Online,1,53.16,0.0,53.16
O00447,L00896,SC0041,2025-09-01,Online,2,62.95,0.0,125.9
O00448,L00897,SC0041,2025-12-22,App,2,59.77,0.0,119.54
O00448,L00898,SC0041,2025-12-22,App,1,41.45,0.0,41.45
O00448,L00899,SC0041,2025-12-22,App,1,36.04,0.0,36.04
O00449,L00900,SC0041,2025-12-24,Store,2,59.37,0.0,118.74
O00449,L00901,SC0041,2025-12-24,Store,2,33.13,0.0,66.26
O00449,L00902,SC0041,2025-12-24,Store,1,59.86,0.0,59.86
O00450,L00903,SC0041,2026-01-08,App,1,44.4,0.0,44.4
O00450,L00904,SC0041,2026-01-08,App,2,58.37,0.0,116.74
O00451,L00905,SC0041,2026-03-03,App,1,31.28,0.15,26.59
O00452,L00906,SC0041,2026-04-02,App,1,47.31,0.0,47.31
O00453,L00907,SC0041,2026-04-30,Store,1,55.69,0.0,55.69
O00453,L00908,SC0041,2026-04-30,Store,1,36.64,0.0,36.64
O00454,L00909,SC0041,2026-06-03,App,1,42.65,0.2,34.12
O00454,L00910,SC0041,2026-06-03,App,2,57.03,0.2,91.25
O00454,L00911,SC0041,2026-06-03,App,1,51.68,0.2,41.34
O00455,L00912,SC0041,2026-06-23,App,2,32.01,0.0,64.02
O00455,L00913,SC0041,2026-06-23,App,1,56.65,0.0,56.65
O00456,L00914,SC0041,2026-06-28,Online,1,64.82,0.0,64.82
O00456,L00915,SC0041,2026-06-28,Online,2,36.99,0.0,73.98
O00456,L00916,SC0041,2026-06-28,Online,1,33.18,0.0,33.18
O00457,L00917,SC0042,2025-08-19,App,1,56.65,0.0,56.65
O00457,L00918,SC0042,2025-08-19,App,2,43.22,0.0,86.44
O00457,L00919,SC0042,2025-08-19,App,1,42.84,0.0,42.84
O00458,L00920,SC0042,2025-08-27,App,1,41.99,0.3,29.39
O00458,L00921,SC0042,2025-08-27,App,2,51.74,0.3,72.44
O00458,L00922,SC0042,2025-08-27,App,2,61.34,0.3,85.88
O00459,L00923,SC0042,2025-09-16,Online,2,42.86,0.0,85.72
O00459,L00924,SC0042,2025-09-16,Online,1,38.55,0.0,38.55
O00459,L00925,SC0042,2025-09-16,Online,1,35.93,0.0,35.93
O00460,L00926,SC0042,2025-09-19,App,1,63.94,0.0,63.94
O00460,L00927,SC0042,2025-09-19,App,1,30.68,0.0,30.68
O00460,L00928,SC0042,2025-09-19,App,2,40.58,0.0,81.16
O00461,L00929,SC0042,2025-11-09,App,2,51.65,0.0,103.3
O00462,L00930,SC0042,2025-12-02,App,1,46.46,0.0,46.46
O00462,L00931,SC0042,2025-12-02,App,1,42.62,0.0,42.62
O00462,L00932,SC0042,2025-12-02,App,1,49.16,0.0,49.16
O00463,L00933,SC0042,2025-12-08,Online,1,43.74,0.0,43.74
O00463,L00934,SC0042,2025-12-08,Online,2,39.14,0.0,78.28
O00464,L00935,SC0042,2026-02-03,App,2,30.73,0.0,61.46
O00464,L00936,SC0042,2026-02-03,App,1,63.18,0.0,63.18
O00465,L00937,SC0042,2026-04-01,App,1,43.78,0.2,35.02
O00466,L00938,SC0042,2026-06-06,Online,1,30.05,0.0,30.05
O00466,L00939,SC0042,2026-06-06,Online,1,47.26,0.0,47.26
O00467,L00940,SC0043,2025-09-13,Online,1,42.7,0.0,42.7
O00467,L00941,SC0043,2025-09-13,Online,1,31.48,0.0,31.48
O00468,L00942,SC0043,2025-09-19,Online,1,62.97,0.0,62.97
O00468,L00943,SC0043,2025-09-19,Online,1,62.96,0.0,62.96
O00469,L00944,SC0043,2026-01-31,Store,1,52.13,0.0,52.13
O00469,L00945,SC0043,2026-01-31,Store,2,44.64,0.0,89.28
O00470,L00946,SC0043,2026-03-03,Store,1,45.34,0.0,45.34
O00470,L00947,SC0043,2026-03-03,Store,1,57.61,0.0,57.61
O00471,L00948,SC0043,2026-03-07,App,1,39.07,0.0,39.07
O00471,L00949,SC0043,2026-03-07,App,1,41.58,0.0,41.58
O00472,L00950,SC0043,2026-03-12,Online,1,47.75,0.15,40.59
O00473,L00951,SC0043,2026-04-07,Store,2,60.81,0.0,121.62
O00474,L00952,SC0043,2026-04-25,Store,1,35.58,0.0,35.58
O00474,L00953,SC0043,2026-04-25,Store,1,36.18,0.0,36.18
O00475,L00954,SC0043,2026-05-20,Store,2,54.3,0.0,108.6
O00475,L00955,SC0043,2026-05-20,Store,1,47.8,0.0,47.8
O00476,L00956,SC0043,2026-06-18,Store,1,37.5,0.0,37.5
O00476,L00957,SC0043,2026-06-18,Store,2,36.53,0.0,73.06
O00477,L00958,SC0044,2025-08-25,Store,1,52.71,0.0,52.71
O00477,L00959,SC0044,2025-08-25,Store,1,34.86,0.0,34.86
O00478,L00960,SC0044,2025-09-28,Online,2,50.76,0.0,101.52
O00478,L00961,SC0044,2025-09-28,Online,2,62.26,0.0,124.52
O00478,L00962,SC0044,2025-09-28,Online,1,36.23,0.0,36.23
O00479,L00963,SC0044,2025-10-07,Store,1,45.53,0.0,45.53
O00480,L00964,SC0044,2025-10-17,Online,1,41.01,0.0,41.01
O00480,L00965,SC0044,2025-10-17,Online,1,40.47,0.0,40.47
O00481,L00966,SC0044,2026-01-19,Online,2,64.83,0.0,129.66
O00481,L00967,SC0044,2026-01-19,Online,1,38.76,0.0,38.76
O00481,L00968,SC0044,2026-01-19,Online,1,58.51,0.0,58.51
O00482,L00969,SC0044,2026-03-18,App,1,64.81,0.0,64.81
O00483,L00970,SC0044,2026-03-27,App,1,42.66,0.0,42.66
O00484,L00971,SC0044,2026-06-22,Store,1,62.78,0.0,62.78
O00484,L00972,SC0044,2026-06-22,Store,1,49.53,0.0,49.53
O00485,L00973,SC0045,2025-08-17,Online,2,42.29,0.0,84.58
O00485,L00974,SC0045,2025-08-17,Online,2,46.7,0.0,93.4
O00485,L00975,SC0045,2025-08-17,Online,2,57.18,0.0,114.36
O00486,L00976,SC0045,2025-10-14,Store,2,32.34,0.0,64.68
O00486,L00977,SC0045,2025-10-14,Store,1,43.29,0.0,43.29
O00486,L00978,SC0045,2025-10-14,Store,2,40.77,0.0,81.54
O00487,L00979,SC0045,2025-11-20,Store,1,42.99,0.0,42.99
O00488,L00980,SC0045,2025-11-21,Store,1,48.82,0.0,48.82
O00489,L00981,SC0045,2026-01-05,App,1,45.2,0.0,45.2
O00490,L00982,SC0045,2026-01-22,Store,1,36.84,0.0,36.84
O00491,L00983,SC0045,2026-02-16,Online,1,64.5,0.0,64.5
O00491,L00984,SC0045,2026-02-16,Online,2,30.84,0.0,61.68
O00491,L00985,SC0045,2026-02-16,Online,1,36.66,0.0,36.66
O00492,L00986,SC0045,2026-06-14,Store,2,49.51,0.0,99.02
O00492,L00987,SC0045,2026-06-14,Store,2,39.81,0.0,79.62
O00493,L00988,SC0045,2026-06-19,Store,1,33.21,0.0,33.21
O00494,L00989,SC0046,2025-07-13,Online,1,52.5,0.0,52.5
O00495,L00990,SC0046,2025-07-22,Online,1,60.91,0.0,60.91
O00495,L00991,SC0046,2025-07-22,Online,2,41.37,0.0,82.74
O00495,L00992,SC0046,2025-07-22,Online,2,42.18,0.0,84.36
O00496,L00993,SC0046,2025-10-06,Online,1,37.24,0.0,37.24
O00497,L00994,SC0046,2025-10-12,Store,2,61.77,0.0,123.54
O00497,L00995,SC0046,2025-10-12,Store,1,30.94,0.0,30.94
O00498,L00996,SC0046,2026-01-04,Online,1,47.87,0.0,47.87
O00498,L00997,SC0046,2026-01-04,Online,1,59.27,0.0,59.27
O00499,L00998,SC0046,2026-04-24,Store,1,36.43,0.0,36.43
O00499,L00999,SC0046,2026-04-24,Store,1,64.1,0.0,64.1
O00499,L01000,SC0046,2026-04-24,Store,2,37.02,0.0,74.04
O00500,L01001,SC0046,2026-05-11,App,1,57.74,0.0,57.74
O00501,L01002,SC0046,2026-06-27,Online,2,54.41,0.0,108.82
O00501,L01003,SC0046,2026-06-27,Online,2,45.77,0.0,91.54
O00502,L01004,SC0047,2025-09-06,Store,2,50.62,0.15,86.05
O00502,L01005,SC0047,2025-09-06,Store,1,42.63,0.15,36.24
O00503,L01006,SC0047,2025-09-09,Store,2,36.17,0.0,72.34
O00503,L01007,SC0047,2025-09-09,Store,2,38.83,0.0,77.66
O00503,L01008,SC0047,2025-09-09,Store,1,34.92,0.0,34.92
O00504,L01009,SC0047,2025-10-02,Store,1,38.37,0.0,38.37
O00504,L01010,SC0047,2025-10-02,Store,2,40.88,0.0,81.76
O00505,L01011,SC0047,2025-12-24,Store,2,41.15,0.0,82.3
O00505,L01012,SC0047,2025-12-24,Store,1,63.11,0.0,63.11
O00505,L01013,SC0047,2025-12-24,Store,1,52.69,0.0,52.69
O00506,L01014,SC0047,2025-12-27,App,1,35.16,0.0,35.16
O00506,L01015,SC0047,2025-12-27,App,1,49.93,0.0,49.93
O00506,L01016,SC0047,2025-12-27,App,1,52.42,0.0,52.42
O00507,L01017,SC0047,2026-01-14,App,1,42.26,0.15,35.92
O00507,L01018,SC0047,2026-01-14,App,1,43.88,0.15,37.3
O00508,L01019,SC0047,2026-02-03,App,1,37.84,0.0,37.84
O00508,L01020,SC0047,2026-02-03,App,2,33.59,0.0,67.18
O00509,L01021,SC0047,2026-02-21,Online,1,58.95,0.0,58.95
O00509,L01022,SC0047,2026-02-21,Online,1,51.66,0.0,51.66
O00510,L01023,SC0047,2026-03-07,App,1,56.57,0.0,56.57
O00510,L01024,SC0047,2026-03-07,App,1,56.47,0.0,56.47
O00511,L01025,SC0047,2026-03-16,Online,2,32.07,0.25,48.11
O00512,L01026,SC0047,2026-04-10,App,1,51.09,0.0,51.09
O00512,L01027,SC0047,2026-04-10,App,2,44.14,0.0,88.28
O00513,L01028,SC0047,2026-05-14,Online,1,30.95,0.0,30.95
O00514,L01029,SC0047,2026-05-26,App,1,58.0,0.2,46.4
O00515,L01030,SC0047,2026-06-29,Online,2,62.68,0.0,125.36
O00515,L01031,SC0047,2026-06-29,Online,1,36.17,0.0,36.17
O00516,L01032,SC0048,2025-07-14,Store,1,45.98,0.0,45.98
O00517,L01033,SC0048,2025-07-31,Online,1,37.13,0.0,37.13
O00517,L01034,SC0048,2025-07-31,Online,1,35.62,0.0,35.62
O00517,L01035,SC0048,2025-07-31,Online,1,64.12,0.0,64.12
O00518,L01036,SC0048,2025-10-08,Online,1,38.77,0.0,38.77
O00518,L01037,SC0048,2025-10-08,Online,2,50.92,0.0,101.84
O00518,L01038,SC0048,2025-10-08,Online,2,35.16,0.0,70.32
O00519,L01039,SC0048,2025-10-21,Online,2,54.61,0.0,109.22
O00519,L01040,SC0048,2025-10-21,Online,1,63.3,0.0,63.3
O00519,L01041,SC0048,2025-10-21,Online,2,37.48,0.0,74.96
O00520,L01042,SC0048,2025-10-31,Store,1,52.35,0.15,44.5
O00520,L01043,SC0048,2025-10-31,Store,1,38.39,0.15,32.63
O00521,L01044,SC0048,2025-11-19,App,1,64.17,0.0,64.17
O00521,L01045,SC0048,2025-11-19,App,2,49.63,0.0,99.26
O00522,L01046,SC0048,2025-12-08,App,1,30.64,0.0,30.64
O00522,L01047,SC0048,2025-12-08,App,2,47.54,0.0,95.08
O00522,L01048,SC0048,2025-12-08,App,2,30.02,0.0,60.04
O00523,L01049,SC0048,2025-12-20,App,2,42.3,0.3,59.22
O00523,L01050,SC0048,2025-12-20,App,2,36.56,0.3,51.18
O00524,L01051,SC0048,2025-12-30,Store,2,49.12,0.0,98.24
O00524,L01052,SC0048,2025-12-30,Store,2,61.66,0.0,123.32
O00524,L01053,SC0048,2025-12-30,Store,1,38.96,0.0,38.96
O00525,L01054,SC0048,2026-03-01,Store,1,59.96,0.0,59.96
O00526,L01055,SC0048,2026-03-09,Online,1,53.73,0.0,53.73
O00526,L01056,SC0048,2026-03-09,Online,2,56.29,0.0,112.58
O00526,L01057,SC0048,2026-03-09,Online,1,42.87,0.0,42.87
O00527,L01058,SC0048,2026-05-03,Online,1,44.76,0.0,44.76
O00527,L01059,SC0048,2026-05-03,Online,2,60.69,0.0,121.38
O00528,L01060,SC0048,2026-05-07,Store,1,33.1,0.0,33.1
O00528,L01061,SC0048,2026-05-07,Store,1,58.89,0.0,58.89
O00529,L01062,SC0048,2026-06-13,Store,2,37.36,0.0,74.72
O00530,L01063,SC0049,2025-07-04,App,1,32.74,0.0,32.74
O00531,L01064,SC0049,2025-07-05,App,2,55.04,0.0,110.08
O00531,L01065,SC0049,2025-07-05,App,2,42.13,0.0,84.26
O00531,L01066,SC0049,2025-07-05,App,1,30.17,0.0,30.17
O00532,L01067,SC0049,2025-07-10,Online,1,44.46,0.0,44.46
O00533,L01068,SC0049,2025-07-30,Online,1,35.89,0.0,35.89
O00533,L01069,SC0049,2025-07-30,Online,2,40.66,0.0,81.32
O00533,L01070,SC0049,2025-07-30,Online,1,45.1,0.0,45.1
O00534,L01071,SC0049,2025-08-07,Online,1,53.08,0.0,53.08
O00534,L01072,SC0049,2025-08-07,Online,1,39.56,0.0,39.56
O00535,L01073,SC0049,2025-09-05,App,1,45.4,0.0,45.4
O00535,L01074,SC0049,2025-09-05,App,1,50.93,0.0,50.93
O00536,L01075,SC0049,2025-09-15,Store,1,37.18,0.0,37.18
O00537,L01076,SC0049,2025-10-23,Online,1,57.34,0.0,57.34
O00537,L01077,SC0049,2025-10-23,Online,2,57.69,0.0,115.38
O00538,L01078,SC0049,2026-02-05,Store,1,41.9,0.3,29.33
O00538,L01079,SC0049,2026-02-05,Store,1,53.24,0.3,37.27
O00539,L01080,SC0049,2026-02-15,App,2,33.97,0.0,67.94
O00540,L01081,SC0049,2026-03-22,Store,1,36.88,0.0,36.88
O00540,L01082,SC0049,2026-03-22,Store,1,46.32,0.0,46.32
O00540,L01083,SC0049,2026-03-22,Store,1,30.32,0.0,30.32
O00541,L01084,SC0049,2026-03-25,Online,1,37.36,0.25,28.02
O00542,L01085,SC0049,2026-06-16,Store,2,56.7,0.0,113.4
O00542,L01086,SC0049,2026-06-16,Store,2,32.94,0.0,65.88
O00543,L01087,SC0050,2025-07-26,Online,1,59.03,0.0,59.03
O00543,L01088,SC0050,2025-07-26,Online,1,37.1,0.0,37.1
O00544,L01089,SC0050,2025-12-10,App,1,46.76,0.0,46.76
O00544,L01090,SC0050,2025-12-10,App,1,48.14,0.0,48.14
O00544,L01091,SC0050,2025-12-10,App,1,59.72,0.0,59.72
O00545,L01092,SC0050,2026-01-01,App,1,59.51,0.0,59.51
O00546,L01093,SC0050,2026-01-06,Store,2,56.47,0.25,84.71
O00546,L01094,SC0050,2026-01-06,Store,2,45.61,0.25,68.42
O00547,L01095,SC0050,2026-01-20,Online,2,41.83,0.0,83.66
O00548,L01096,SC0050,2026-03-10,App,1,39.99,0.0,39.99
O00548,L01097,SC0050,2026-03-10,App,2,36.12,0.0,72.24
O00549,L01098,SC0050,2026-05-10,App,1,31.07,0.2,24.86
O00549,L01099,SC0050,2026-05-10,App,1,61.17,0.2,48.94
O00549,L01100,SC0050,2026-05-10,App,2,33.27,0.2,53.23
O00550,L01101,SC0050,2026-06-26,App,1,53.26,0.0,53.26
O00551,L01102,SC0051,2025-08-30,App,1,50.9,0.0,50.9
O00552,L01103,SC0051,2025-09-07,Store,1,32.57,0.0,32.57
O00552,L01104,SC0051,2025-09-07,Store,1,39.99,0.0,39.99
O00553,L01105,SC0051,2025-10-01,App,2,49.21,0.0,98.42
O00553,L01106,SC0051,2025-10-01,App,1,43.1,0.0,43.1
O00553,L01107,SC0051,2025-10-01,App,1,39.18,0.0,39.18
O00554,L01108,SC0051,2025-10-07,Online,2,53.41,0.0,106.82
O00555,L01109,SC0051,2025-11-27,App,1,62.92,0.2,50.34
O00555,L01110,SC0051,2025-11-27,App,2,47.41,0.2,75.86
O00556,L01111,SC0051,2026-01-15,Online,1,32.33,0.0,32.33
O00556,L01112,SC0051,2026-01-15,Online,2,60.06,0.0,120.12
O00556,L01113,SC0051,2026-01-15,Online,1,60.07,0.0,60.07
O00557,L01114,SC0051,2026-03-08,App,2,44.83,0.0,89.66
O00557,L01115,SC0051,2026-03-08,App,1,34.02,0.0,34.02
O00557,L01116,SC0051,2026-03-08,App,2,44.19,0.0,88.38
O00558,L01117,SC0051,2026-03-28,Online,1,54.08,0.0,54.08
O00559,L01118,SC0051,2026-04-05,Store,2,35.95,0.0,71.9
O00559,L01119,SC0051,2026-04-05,Store,1,55.99,0.0,55.99
O00559,L01120,SC0051,2026-04-05,Store,2,59.12,0.0,118.24
O00560,L01121,SC0051,2026-04-26,Online,1,41.88,0.0,41.88
O00561,L01122,SC0051,2026-05-30,Online,1,41.27,0.0,41.27
O00561,L01123,SC0051,2026-05-30,Online,1,35.14,0.0,35.14
O00562,L01124,SC0051,2026-06-09,App,1,53.39,0.0,53.39
O00562,L01125,SC0051,2026-06-09,App,1,58.28,0.0,58.28
O00563,L01126,SC0052,2025-09-22,App,1,46.78,0.0,46.78
O00564,L01127,SC0052,2025-10-09,App,1,59.95,0.0,59.95
O00565,L01128,SC0052,2025-10-18,App,1,49.08,0.0,49.08
O00565,L01129,SC0052,2025-10-18,App,1,33.83,0.0,33.83
O00565,L01130,SC0052,2025-10-18,App,1,63.8,0.0,63.8
O00566,L01131,SC0052,2025-12-29,App,1,55.4,0.0,55.4
O00566,L01132,SC0052,2025-12-29,App,2,62.63,0.0,125.26
O00567,L01133,SC0052,2026-01-10,App,1,35.0,0.25,26.25
O00567,L01134,SC0052,2026-01-10,App,1,51.91,0.25,38.93
O00567,L01135,SC0052,2026-01-10,App,2,51.21,0.25,76.82
O00568,L01136,SC0052,2026-01-23,Store,2,58.01,0.15,98.62
O00568,L01137,SC0052,2026-01-23,Store,1,42.11,0.15,35.79
O00569,L01138,SC0052,2026-02-18,Store,1,52.93,0.3,37.05
O00569,L01139,SC0052,2026-02-18,Store,2,60.51,0.3,84.71
O00570,L01140,SC0052,2026-03-20,Store,2,50.14,0.0,100.28
O00571,L01141,SC0052,2026-03-22,Online,1,40.39,0.0,40.39
O00572,L01142,SC0052,2026-04-21,App,2,53.88,0.0,107.76
O00572,L01143,SC0052,2026-04-21,App,2,59.09,0.0,118.18
O00573,L01144,SC0052,2026-05-13,Store,1,58.78,0.0,58.78
O00573,L01145,SC0052,2026-05-13,Store,2,32.59,0.0,65.18
O00574,L01146,SC0052,2026-06-25,Store,1,58.16,0.0,58.16
O00574,L01147,SC0052,2026-06-25,Store,1,56.96,0.0,56.96
O00575,L01148,SC0053,2025-07-03,App,1,58.91,0.0,58.91
O00576,L01149,SC0053,2025-07-26,Store,1,34.55,0.0,34.55
O00577,L01150,SC0053,2025-08-27,Store,1,41.83,0.0,41.83
O00577,L01151,SC0053,2025-08-27,Store,2,32.47,0.0,64.94
O00577,L01152,SC0053,2025-08-27,Store,1,61.43,0.0,61.43
O00578,L01153,SC0053,2025-11-24,Online,2,44.21,0.0,88.42
O00579,L01154,SC0053,2025-12-09,App,1,63.68,0.0,63.68
O00579,L01155,SC0053,2025-12-09,App,2,42.76,0.0,85.52
O00579,L01156,SC0053,2025-12-09,App,2,42.01,0.0,84.02
O00580,L01157,SC0053,2026-02-10,Online,1,41.94,0.0,41.94
O00580,L01158,SC0053,2026-02-10,Online,1,31.66,0.0,31.66
O00580,L01159,SC0053,2026-02-10,Online,2,56.44,0.0,112.88
O00581,L01160,SC0053,2026-05-06,Store,1,41.69,0.0,41.69
O00582,L01161,SC0053,2026-06-21,Store,1,38.65,0.0,38.65
O00583,L01162,SC0054,2025-07-09,App,1,43.86,0.0,43.86
O00583,L01163,SC0054,2025-07-09,App,1,43.32,0.0,43.32
O00583,L01164,SC0054,2025-07-09,App,1,39.53,0.0,39.53
O00584,L01165,SC0054,2025-08-03,Store,1,39.36,0.0,39.36
O00585,L01166,SC0054,2025-09-05,Online,2,35.42,0.0,70.84
O00585,L01167,SC0054,2025-09-05,Online,2,30.57,0.0,61.14
O00585,L01168,SC0054,2025-09-05,Online,1,64.75,0.0,64.75
O00586,L01169,SC0054,2025-09-07,App,1,51.51,0.3,36.06
O00587,L01170,SC0054,2025-10-26,Online,2,32.9,0.0,65.8
O00587,L01171,SC0054,2025-10-26,Online,2,34.01,0.0,68.02
O00587,L01172,SC0054,2025-10-26,Online,1,57.85,0.0,57.85
O00588,L01173,SC0054,2025-11-07,Store,1,38.54,0.0,38.54
O00589,L01174,SC0054,2025-12-14,Online,1,56.73,0.3,39.71
O00589,L01175,SC0054,2025-12-14,Online,1,53.51,0.3,37.46
O00589,L01176,SC0054,2025-12-14,Online,1,50.85,0.3,35.6
O00590,L01177,SC0054,2026-02-20,Online,2,53.66,0.3,75.12
O00590,L01178,SC0054,2026-02-20,Online,1,40.44,0.3,28.31
O00590,L01179,SC0054,2026-02-20,Online,2,42.1,0.3,58.94
O00591,L01180,SC0054,2026-02-21,Store,2,50.31,0.3,70.43
O00591,L01181,SC0054,2026-02-21,Store,1,45.98,0.3,32.19
O00591,L01182,SC0054,2026-02-21,Store,1,53.21,0.3,37.25
O00592,L01183,SC0054,2026-03-08,Store,1,35.26,0.0,35.26
O00592,L01184,SC0054,2026-03-08,Store,1,35.31,0.0,35.31
O00593,L01185,SC0054,2026-06-05,App,1,56.94,0.0,56.94
O00594,L01186,SC0054,2026-06-15,App,1,55.21,0.3,38.65
O00595,L01187,SC0055,2025-07-04,App,1,34.15,0.0,34.15
O00595,L01188,SC0055,2025-07-04,App,1,30.01,0.0,30.01
O00595,L01189,SC0055,2025-07-04,App,1,56.05,0.0,56.05
O00596,L01190,SC0055,2025-07-23,App,2,61.64,0.0,123.28
O00596,L01191,SC0055,2025-07-23,App,2,54.95,0.0,109.9
O00596,L01192,SC0055,2025-07-23,App,1,46.4,0.0,46.4
O00597,L01193,SC0055,2025-07-31,Online,1,49.21,0.0,49.21
O00597,L01194,SC0055,2025-07-31,Online,1,50.86,0.0,50.86
O00598,L01195,SC0055,2025-09-18,App,2,40.54,0.0,81.08
O00598,L01196,SC0055,2025-09-18,App,1,45.95,0.0,45.95
O00599,L01197,SC0055,2025-10-13,Online,1,56.52,0.0,56.52
O00599,L01198,SC0055,2025-10-13,Online,1,58.69,0.0,58.69
O00599,L01199,SC0055,2025-10-13,Online,2,30.46,0.0,60.92
O00600,L01200,SC0055,2025-12-09,App,2,50.78,0.0,101.56
O00600,L01201,SC0055,2025-12-09,App,1,35.36,0.0,35.36
O00601,L01202,SC0055,2026-01-02,Online,1,37.1,0.0,37.1
O00601,L01203,SC0055,2026-01-02,Online,1,63.17,0.0,63.17
O00601,L01204,SC0055,2026-01-02,Online,1,62.98,0.0,62.98
O00602,L01205,SC0055,2026-01-19,App,2,38.11,0.0,76.22
O00602,L01206,SC0055,2026-01-19,App,2,62.05,0.0,124.1
O00602,L01207,SC0055,2026-01-19,App,1,58.95,0.0,58.95
O00603,L01208,SC0055,2026-01-25,Online,1,50.35,0.0,50.35
O00603,L01209,SC0055,2026-01-25,Online,1,54.48,0.0,54.48
O00603,L01210,SC0055,2026-01-25,Online,1,58.07,0.0,58.07
O00604,L01211,SC0055,2026-05-12,Store,1,59.83,0.0,59.83
O00604,L01212,SC0055,2026-05-12,Store,1,59.89,0.0,59.89
O00604,L01213,SC0055,2026-05-12,Store,1,50.04,0.0,50.04
O00605,L01214,SC0055,2026-06-19,Online,1,64.54,0.0,64.54
O00606,L01215,SC0056,2025-08-10,Online,1,50.75,0.0,50.75
O00607,L01216,SC0056,2025-09-11,Online,1,43.32,0.0,43.32
O00608,L01217,SC0056,2025-09-14,App,1,55.95,0.0,55.95
O00608,L01218,SC0056,2025-09-14,App,1,51.23,0.0,51.23
O00608,L01219,SC0056,2025-09-14,App,1,38.27,0.0,38.27
O00609,L01220,SC0056,2025-10-06,App,2,52.48,0.0,104.96
O00609,L01221,SC0056,2025-10-06,App,1,60.29,0.0,60.29
O00610,L01222,SC0056,2025-10-10,Store,1,39.61,0.0,39.61
O00611,L01223,SC0056,2025-10-14,Online,1,35.94,0.0,35.94
O00611,L01224,SC0056,2025-10-14,Online,2,60.87,0.0,121.74
O00611,L01225,SC0056,2025-10-14,Online,1,44.7,0.0,44.7
O00612,L01226,SC0056,2026-01-19,App,2,49.63,0.3,69.48
O00613,L01227,SC0056,2026-03-21,App,1,62.39,0.0,62.39
O00614,L01228,SC0056,2026-03-27,Online,1,47.94,0.0,47.94
O00615,L01229,SC0056,2026-04-05,App,1,46.15,0.0,46.15
O00615,L01230,SC0056,2026-04-05,App,2,54.08,0.0,108.16
O00615,L01231,SC0056,2026-04-05,App,1,34.67,0.0,34.67
O00616,L01232,SC0056,2026-04-16,Online,1,64.42,0.0,64.42
O00616,L01233,SC0056,2026-04-16,Online,2,46.79,0.0,93.58
O00616,L01234,SC0056,2026-04-16,Online,1,63.78,0.0,63.78
O00617,L01235,SC0056,2026-04-17,App,1,38.03,0.0,38.03
O00618,L01236,SC0056,2026-04-24,App,1,46.24,0.0,46.24
O00618,L01237,SC0056,2026-04-24,App,2,39.1,0.0,78.2
O00618,L01238,SC0056,2026-04-24,App,1,61.71,0.0,61.71
O00619,L01239,SC0056,2026-06-08,App,1,56.72,0.0,56.72
O00619,L01240,SC0056,2026-06-08,App,1,60.47,0.0,60.47
O00619,L01241,SC0056,2026-06-08,App,1,34.49,0.0,34.49
O00620,L01242,SC0056,2026-06-19,App,1,43.8,0.0,43.8
O00620,L01243,SC0056,2026-06-19,App,1,58.53,0.0,58.53
O00620,L01244,SC0056,2026-06-19,App,1,43.12,0.0,43.12
O00621,L01245,SC0057,2025-07-08,Store,1,38.28,0.0,38.28
O00621,L01246,SC0057,2025-07-08,Store,1,34.38,0.0,34.38
O00621,L01247,SC0057,2025-07-08,Store,1,55.47,0.0,55.47
O00622,L01248,SC0057,2025-08-13,Store,2,53.23,0.0,106.46
O00622,L01249,SC0057,2025-08-13,Store,1,56.56,0.0,56.56
O00623,L01250,SC0057,2025-09-09,App,2,37.61,0.0,75.22
O00624,L01251,SC0057,2025-09-19,Store,1,34.83,0.0,34.83
O00624,L01252,SC0057,2025-09-19,Store,1,55.99,0.0,55.99
O00624,L01253,SC0057,2025-09-19,Store,1,47.99,0.0,47.99
O00625,L01254,SC0057,2025-09-30,Store,1,53.64,0.0,53.64
O00625,L01255,SC0057,2025-09-30,Store,1,33.58,0.0,33.58
O00625,L01256,SC0057,2025-09-30,Store,2,47.06,0.0,94.12
O00626,L01257,SC0057,2025-11-01,Online,1,42.28,0.0,42.28
O00626,L01258,SC0057,2025-11-01,Online,1,38.26,0.0,38.26
O00627,L01259,SC0057,2025-11-22,App,1,45.18,0.0,45.18
O00628,L01260,SC0057,2025-12-20,App,2,57.95,0.0,115.9
O00628,L01261,SC0057,2025-12-20,App,2,42.68,0.0,85.36
O00628,L01262,SC0057,2025-12-20,App,2,50.86,0.0,101.72
O00629,L01263,SC0057,2025-12-22,App,1,51.44,0.0,51.44
O00629,L01264,SC0057,2025-12-22,App,1,44.85,0.0,44.85
O00630,L01265,SC0057,2026-02-10,App,1,53.87,0.0,53.87
O00630,L01266,SC0057,2026-02-10,App,2,40.13,0.0,80.26
O00631,L01267,SC0057,2026-03-12,Online,1,35.16,0.0,35.16
O00632,L01268,SC0057,2026-03-21,App,1,47.94,0.0,47.94
O00632,L01269,SC0057,2026-03-21,App,1,46.38,0.0,46.38
O00632,L01270,SC0057,2026-03-21,App,2,58.14,0.0,116.28
O00633,L01271,SC0057,2026-05-23,App,1,62.61,0.0,62.61
O00634,L01272,SC0057,2026-06-13,Online,1,31.3,0.0,31.3
O00634,L01273,SC0057,2026-06-13,Online,1,37.76,0.0,37.76
O00635,L01274,SC0057,2026-06-20,Online,2,40.97,0.0,81.94
O00635,L01275,SC0057,2026-06-20,Online,2,62.13,0.0,124.26
O00636,L01276,SC0058,2025-08-11,App,1,38.02,0.0,38.02
O00636,L01277,SC0058,2025-08-11,App,1,44.76,0.0,44.76
O00636,L01278,SC0058,2025-08-11,App,2,50.52,0.0,101.04
O00637,L01279,SC0058,2025-08-17,App,2,59.32,0.0,118.64
O00637,L01280,SC0058,2025-08-17,App,1,56.17,0.0,56.17
O00637,L01281,SC0058,2025-08-17,App,2,60.01,0.0,120.02
O00638,L01282,SC0058,2025-08-25,App,1,38.94,0.0,38.94
O00638,L01283,SC0058,2025-08-25,App,2,31.62,0.0,63.24
O00639,L01284,SC0058,2025-09-18,Online,1,55.97,0.0,55.97
O00639,L01285,SC0058,2025-09-18,Online,2,34.79,0.0,69.58
O00640,L01286,SC0058,2025-11-12,App,1,35.02,0.0,35.02
O00640,L01287,SC0058,2025-11-12,App,2,59.31,0.0,118.62
O00641,L01288,SC0058,2025-12-21,Store,1,47.97,0.0,47.97
O00641,L01289,SC0058,2025-12-21,Store,2,60.28,0.0,120.56
O00641,L01290,SC0058,2025-12-21,Store,1,42.05,0.0,42.05
O00642,L01291,SC0058,2026-02-18,Online,1,31.38,0.25,23.54
O00643,L01292,SC0058,2026-06-18,Online,2,38.32,0.0,76.64
O00643,L01293,SC0058,2026-06-18,Online,1,38.45,0.0,38.45
O00644,L01294,SC0059,2025-08-07,Online,2,59.6,0.0,119.2
O00644,L01295,SC0059,2025-08-07,Online,1,35.78,0.0,35.78
O00644,L01296,SC0059,2025-08-07,Online,1,59.87,0.0,59.87
O00645,L01297,SC0059,2025-08-12,App,1,52.81,0.0,52.81
O00645,L01298,SC0059,2025-08-12,App,1,45.74,0.0,45.74
O00646,L01299,SC0059,2025-09-09,Online,2,48.45,0.0,96.9
O00646,L01300,SC0059,2025-09-09,Online,1,48.56,0.0,48.56
O00647,L01301,SC0059,2025-09-12,App,1,43.98,0.0,43.98
O00647,L01302,SC0059,2025-09-12,App,1,50.69,0.0,50.69
O00647,L01303,SC0059,2025-09-12,App,2,33.16,0.0,66.32
O00648,L01304,SC0059,2025-10-11,Online,1,39.0,0.25,29.25
O00648,L01305,SC0059,2025-10-11,Online,1,45.87,0.25,34.4
O00648,L01306,SC0059,2025-10-11,Online,1,54.46,0.25,40.85
O00649,L01307,SC0059,2025-10-29,App,2,53.93,0.0,107.86
O00649,L01308,SC0059,2025-10-29,App,2,64.25,0.0,128.5
O00650,L01309,SC0059,2025-11-30,App,1,60.0,0.0,60.0
O00651,L01310,SC0059,2025-12-17,App,1,61.08,0.0,61.08
O00651,L01311,SC0059,2025-12-17,App,1,31.55,0.0,31.55
O00652,L01312,SC0059,2026-02-16,Online,1,40.78,0.0,40.78
O00652,L01313,SC0059,2026-02-16,Online,1,55.19,0.0,55.19
O00653,L01314,SC0059,2026-02-20,App,1,31.96,0.0,31.96
O00653,L01315,SC0059,2026-02-20,App,2,60.26,0.0,120.52
O00653,L01316,SC0059,2026-02-20,App,2,38.07,0.0,76.14
O00654,L01317,SC0059,2026-03-27,App,2,57.05,0.0,114.1
O00654,L01318,SC0059,2026-03-27,App,1,54.4,0.0,54.4
O00654,L01319,SC0059,2026-03-27,App,1,58.46,0.0,58.46
O00655,L01320,SC0059,2026-05-02,App,1,38.47,0.0,38.47
O00655,L01321,SC0059,2026-05-02,App,1,47.82,0.0,47.82
O00655,L01322,SC0059,2026-05-02,App,1,41.79,0.0,41.79
O00656,L01323,SC0059,2026-06-11,Online,1,45.62,0.0,45.62
O00656,L01324,SC0059,2026-06-11,Online,1,51.15,0.0,51.15
O00657,L01325,SC0060,2025-07-12,Store,2,33.22,0.0,66.44
O00658,L01326,SC0060,2025-08-04,App,1,49.84,0.0,49.84
O00658,L01327,SC0060,2025-08-04,App,1,57.22,0.0,57.22
O00658,L01328,SC0060,2025-08-04,App,2,60.54,0.0,121.08
O00659,L01329,SC0060,2025-11-13,Online,1,33.16,0.0,33.16
O00659,L01330,SC0060,2025-11-13,Online,1,48.16,0.0,48.16
O00659,L01331,SC0060,2025-11-13,Online,1,50.73,0.0,50.73
O00660,L01332,SC0060,2025-11-16,Store,2,58.8,0.0,117.6
O00660,L01333,SC0060,2025-11-16,Store,1,47.35,0.0,47.35
O00661,L01334,SC0060,2025-12-29,App,1,42.54,0.0,42.54
O00662,L01335,SC0060,2026-02-02,App,2,39.73,0.0,79.46
O00662,L01336,SC0060,2026-02-02,App,1,57.62,0.0,57.62
O00662,L01337,SC0060,2026-02-02,App,2,59.58,0.0,119.16
O00663,L01338,SC0060,2026-02-26,App,1,58.39,0.0,58.39
O00663,L01339,SC0060,2026-02-26,App,1,63.75,0.0,63.75
O00664,L01340,SC0060,2026-05-14,App,1,44.85,0.25,33.64
O00665,L01341,SC0060,2026-06-13,Store,1,44.36,0.0,44.36
O00665,L01342,SC0060,2026-06-13,Store,2,37.91,0.0,75.82
O00665,L01343,SC0060,2026-06-13,Store,1,30.24,0.0,30.24
O00666,L01344,SC0061,2025-07-15,App,1,26.3,0.3,18.41
O00666,L01345,SC0061,2025-07-15,App,2,24.18,0.3,33.85
O00666,L01346,SC0061,2025-07-15,App,2,32.56,0.3,45.58
O00667,L01347,SC0061,2025-12-01,Store,1,23.64,0.15,20.09
O00668,L01348,SC0061,2025-12-16,Online,1,21.97,0.3,15.38
O00668,L01349,SC0061,2025-12-16,Online,2,24.59,0.3,34.43
O00669,L01350,SC0061,2026-01-04,Store,2,32.98,0.2,52.77
O00670,L01351,SC0061,2026-01-10,App,1,37.37,0.3,26.16
O00670,L01352,SC0061,2026-01-10,App,1,25.82,0.3,18.07
O00671,L01353,SC0061,2026-01-26,App,1,39.92,0.25,29.94
O00671,L01354,SC0061,2026-01-26,App,1,25.14,0.25,18.86
O00671,L01355,SC0061,2026-01-26,App,1,20.91,0.25,15.68
O00672,L01356,SC0061,2026-02-16,App,1,35.77,0.25,26.83
O00672,L01357,SC0061,2026-02-16,App,1,19.34,0.25,14.51
O00672,L01358,SC0061,2026-02-16,App,2,22.31,0.25,33.47
O00673,L01359,SC0061,2026-03-24,Online,1,18.95,0.3,13.27
O00673,L01360,SC0061,2026-03-24,Online,1,27.24,0.3,19.07
O00673,L01361,SC0061,2026-03-24,Online,1,33.98,0.3,23.79
O00674,L01362,SC0061,2026-06-27,App,1,32.32,0.15,27.47
O00674,L01363,SC0061,2026-06-27,App,1,19.62,0.15,16.68
O00675,L01364,SC0062,2025-08-07,Online,1,35.89,0.3,25.12
O00675,L01365,SC0062,2025-08-07,Online,2,30.14,0.3,42.2
O00676,L01366,SC0062,2025-09-03,Store,1,27.26,0.0,27.26
O00677,L01367,SC0062,2026-01-31,App,1,23.07,0.0,23.07
O00677,L01368,SC0062,2026-01-31,App,1,20.04,0.0,20.04
O00678,L01369,SC0062,2026-04-12,App,2,24.05,0.0,48.1
O00678,L01370,SC0062,2026-04-12,App,1,35.76,0.0,35.76
O00678,L01371,SC0062,2026-04-12,App,2,35.65,0.0,71.3
O00679,L01372,SC0062,2026-04-26,App,1,18.92,0.3,13.24
O00679,L01373,SC0062,2026-04-26,App,2,20.38,0.3,28.53
O00679,L01374,SC0062,2026-04-26,App,1,39.51,0.3,27.66
O00680,L01375,SC0062,2026-05-29,Online,2,38.89,0.15,66.11
O00681,L01376,SC0063,2025-09-06,App,1,25.87,0.3,18.11
O00682,L01377,SC0063,2025-09-27,Store,1,23.95,0.2,19.16
O00682,L01378,SC0063,2025-09-27,Store,1,30.55,0.2,24.44
O00683,L01379,SC0063,2025-10-09,App,1,29.1,0.25,21.83
O00683,L01380,SC0063,2025-10-09,App,2,25.68,0.25,38.52
O00684,L01381,SC0063,2025-10-28,Online,1,20.4,0.0,20.4
O00684,L01382,SC0063,2025-10-28,Online,1,39.28,0.0,39.28
O00685,L01383,SC0063,2025-12-10,Online,1,31.22,0.25,23.42
O00685,L01384,SC0063,2025-12-10,Online,1,24.62,0.25,18.47
O00685,L01385,SC0063,2025-12-10,Online,2,33.84,0.25,50.76
O00686,L01386,SC0063,2026-04-03,Online,1,36.29,0.3,25.4
O00686,L01387,SC0063,2026-04-03,Online,1,25.62,0.3,17.93
O00687,L01388,SC0063,2026-06-07,App,1,26.41,0.2,21.13
O00687,L01389,SC0063,2026-06-07,App,1,20.99,0.2,16.79
O00687,L01390,SC0063,2026-06-07,App,2,20.91,0.2,33.46
O00688,L01391,SC0064,2025-09-11,App,1,23.96,0.15,20.37
O00689,L01392,SC0064,2025-09-18,Store,1,19.27,0.15,16.38
O00689,L01393,SC0064,2025-09-18,Store,1,23.75,0.15,20.19
O00690,L01394,SC0064,2026-02-01,Online,1,36.52,0.2,29.22
O00690,L01395,SC0064,2026-02-01,Online,1,32.87,0.2,26.3
O00690,L01396,SC0064,2026-02-01,Online,1,28.83,0.2,23.06
O00691,L01397,SC0064,2026-02-08,Online,2,24.56,0.15,41.75
O00691,L01398,SC0064,2026-02-08,Online,2,32.7,0.15,55.59
O00691,L01399,SC0064,2026-02-08,Online,1,34.09,0.15,28.98
O00692,L01400,SC0064,2026-02-25,Store,1,31.01,0.25,23.26
O00693,L01401,SC0064,2026-03-27,Online,1,39.92,0.0,39.92
O00693,L01402,SC0064,2026-03-27,Online,1,34.14,0.0,34.14
O00693,L01403,SC0064,2026-03-27,Online,2,28.11,0.0,56.22
O00694,L01404,SC0064,2026-05-27,Online,2,29.48,0.3,41.27
O00694,L01405,SC0064,2026-05-27,Online,2,30.93,0.3,43.3
O00695,L01406,SC0065,2025-07-11,App,1,35.91,0.3,25.14
O00696,L01407,SC0065,2025-07-17,App,2,37.43,0.15,63.63
O00696,L01408,SC0065,2025-07-17,App,2,38.72,0.15,65.82
O00696,L01409,SC0065,2025-07-17,App,1,37.82,0.15,32.15
O00697,L01410,SC0065,2025-08-16,Online,2,18.25,0.25,27.38
O00697,L01411,SC0065,2025-08-16,Online,2,34.29,0.25,51.44
O00698,L01412,SC0065,2025-08-18,Store,1,37.69,0.0,37.69
O00698,L01413,SC0065,2025-08-18,Store,1,34.39,0.0,34.39
O00698,L01414,SC0065,2025-08-18,Store,1,21.95,0.0,21.95
O00699,L01415,SC0065,2025-08-28,Store,1,38.09,0.25,28.57
O00700,L01416,SC0065,2025-09-15,Store,2,20.58,0.3,28.81
O00701,L01417,SC0065,2025-09-28,Store,1,31.51,0.15,26.78
O00702,L01418,SC0065,2025-12-01,App,1,25.98,0.2,20.78
O00702,L01419,SC0065,2025-12-01,App,1,31.6,0.2,25.28
O00702,L01420,SC0065,2025-12-01,App,1,18.31,0.2,14.65
O00703,L01421,SC0065,2025-12-19,Online,2,34.98,0.2,55.97
O00704,L01422,SC0065,2026-01-24,App,1,23.27,0.15,19.78
O00705,L01423,SC0065,2026-03-31,Online,1,33.73,0.25,25.3
O00705,L01424,SC0065,2026-03-31,Online,1,38.78,0.25,29.09
O00705,L01425,SC0065,2026-03-31,Online,1,36.04,0.25,27.03
O00706,L01426,SC0065,2026-04-10,Store,2,23.17,0.2,37.07
O00707,L01427,SC0065,2026-06-06,Online,1,28.18,0.2,22.54
O00708,L01428,SC0066,2025-07-18,Store,1,34.41,0.25,25.81
O00708,L01429,SC0066,2025-07-18,Store,1,23.01,0.25,17.26
O00709,L01430,SC0066,2025-07-24,App,2,36.2,0.25,54.3
O00709,L01431,SC0066,2025-07-24,App,1,18.2,0.25,13.65
O00710,L01432,SC0066,2025-08-13,App,1,33.48,0.15,28.46
O00710,L01433,SC0066,2025-08-13,App,2,31.86,0.15,54.16
O00711,L01434,SC0066,2025-09-27,Online,1,24.24,0.3,16.97
O00711,L01435,SC0066,2025-09-27,Online,2,31.76,0.3,44.46
O00711,L01436,SC0066,2025-09-27,Online,1,27.57,0.3,19.3
O00712,L01437,SC0066,2025-10-08,App,1,25.37,0.25,19.03
O00712,L01438,SC0066,2025-10-08,App,1,18.52,0.25,13.89
O00712,L01439,SC0066,2025-10-08,App,1,27.38,0.25,20.54
O00713,L01440,SC0066,2026-01-06,Online,2,23.1,0.15,39.27
O00714,L01441,SC0066,2026-02-20,Store,1,36.63,0.25,27.47
O00715,L01442,SC0066,2026-04-15,Online,2,38.83,0.0,77.66
O00715,L01443,SC0066,2026-04-15,Online,1,19.17,0.0,19.17
O00715,L01444,SC0066,2026-04-15,Online,2,22.9,0.0,45.8
O00716,L01445,SC0066,2026-05-08,Online,1,20.97,0.3,14.68
O00717,L01446,SC0066,2026-05-27,App,2,23.28,0.0,46.56
O00718,L01447,SC0066,2026-06-24,App,1,33.16,0.3,23.21
O00718,L01448,SC0066,2026-06-24,App,1,35.52,0.3,24.86
O00718,L01449,SC0066,2026-06-24,App,1,33.57,0.3,23.5
O00719,L01450,SC0067,2025-07-13,Store,1,30.58,0.3,21.41
O00720,L01451,SC0067,2025-09-06,App,2,38.66,0.3,54.12
O00720,L01452,SC0067,2025-09-06,App,2,38.28,0.3,53.59
O00721,L01453,SC0067,2025-10-25,App,1,34.56,0.2,27.65
O00721,L01454,SC0067,2025-10-25,App,1,38.45,0.2,30.76
O00721,L01455,SC0067,2025-10-25,App,1,39.84,0.2,31.87
O00722,L01456,SC0067,2025-11-17,Online,1,26.65,0.3,18.66
O00722,L01457,SC0067,2025-11-17,Online,1,33.28,0.3,23.3
O00723,L01458,SC0067,2026-02-16,Online,1,26.61,0.25,19.96
O00723,L01459,SC0067,2026-02-16,Online,2,33.47,0.25,50.21
O00724,L01460,SC0067,2026-05-15,Online,1,36.57,0.25,27.43
O00725,L01461,SC0067,2026-05-16,Store,1,30.82,0.0,30.82
O00725,L01462,SC0067,2026-05-16,Store,1,21.13,0.0,21.13
O00726,L01463,SC0067,2026-06-02,Online,1,39.64,0.15,33.69
O00726,L01464,SC0067,2026-06-02,Online,2,20.2,0.15,34.34
O00727,L01465,SC0067,2026-06-09,Online,2,27.66,0.3,38.72
O00728,L01466,SC0068,2025-07-11,Online,1,35.8,0.2,28.64
O00728,L01467,SC0068,2025-07-11,Online,1,37.28,0.2,29.82
O00728,L01468,SC0068,2025-07-11,Online,1,31.63,0.2,25.3
O00729,L01469,SC0068,2025-09-13,Online,2,21.23,0.2,33.97
O00729,L01470,SC0068,2025-09-13,Online,1,34.25,0.2,27.4
O00730,L01471,SC0068,2025-09-22,Store,2,21.49,0.25,32.24
O00730,L01472,SC0068,2025-09-22,Store,2,31.55,0.25,47.33
O00730,L01473,SC0068,2025-09-22,Store,1,39.81,0.25,29.86
O00731,L01474,SC0068,2025-09-25,App,1,22.4,0.25,16.8
O00732,L01475,SC0068,2025-09-29,Online,2,38.43,0.0,76.86
O00732,L01476,SC0068,2025-09-29,Online,1,27.75,0.0,27.75
O00732,L01477,SC0068,2025-09-29,Online,1,27.58,0.0,27.58
O00733,L01478,SC0068,2025-11-19,Online,2,28.64,0.15,48.69
O00733,L01479,SC0068,2025-11-19,Online,2,22.53,0.15,38.3
O00733,L01480,SC0068,2025-11-19,Online,1,32.26,0.15,27.42
O00734,L01481,SC0068,2026-02-14,App,1,18.64,0.0,18.64
O00734,L01482,SC0068,2026-02-14,App,2,21.19,0.0,42.38
O00734,L01483,SC0068,2026-02-14,App,1,26.72,0.0,26.72
O00735,L01484,SC0068,2026-05-23,App,1,39.36,0.0,39.36
O00735,L01485,SC0068,2026-05-23,App,2,30.61,0.0,61.22
O00735,L01486,SC0068,2026-05-23,App,2,31.0,0.0,62.0
O00736,L01487,SC0069,2025-10-28,App,1,38.54,0.2,30.83
O00737,L01488,SC0069,2025-10-29,App,1,25.22,0.0,25.22
O00737,L01489,SC0069,2025-10-29,App,1,33.09,0.0,33.09
O00737,L01490,SC0069,2025-10-29,App,1,36.75,0.0,36.75
O00738,L01491,SC0069,2026-02-27,Online,2,21.1,0.2,33.76
O00739,L01492,SC0069,2026-03-14,Store,2,29.9,0.25,44.85
O00739,L01493,SC0069,2026-03-14,Store,1,38.68,0.25,29.01
O00739,L01494,SC0069,2026-03-14,Store,1,37.9,0.25,28.43
O00740,L01495,SC0069,2026-04-22,Store,2,20.15,0.15,34.26
O00740,L01496,SC0069,2026-04-22,Store,2,34.35,0.15,58.4
O00740,L01497,SC0069,2026-04-22,Store,2,24.92,0.15,42.36
O00741,L01498,SC0069,2026-05-24,Online,2,26.29,0.3,36.81
O00741,L01499,SC0069,2026-05-24,Online,2,18.28,0.3,25.59
O00742,L01500,SC0070,2025-10-21,Online,2,18.22,0.15,30.97
O00742,L01501,SC0070,2025-10-21,Online,1,35.8,0.15,30.43
O00742,L01502,SC0070,2025-10-21,Online,1,22.79,0.15,19.37
O00743,L01503,SC0070,2026-01-01,App,2,39.79,0.25,59.69
O00743,L01504,SC0070,2026-01-01,App,1,26.18,0.25,19.64
O00744,L01505,SC0070,2026-03-05,App,1,29.54,0.15,25.11
O00744,L01506,SC0070,2026-03-05,App,1,38.29,0.15,32.55
O00745,L01507,SC0070,2026-03-13,Store,1,24.74,0.15,21.03
O00745,L01508,SC0070,2026-03-13,Store,1,34.04,0.15,28.93
O00746,L01509,SC0070,2026-05-07,Online,2,19.8,0.25,29.7
O00747,L01510,SC0070,2026-06-25,Online,1,36.51,0.0,36.51
O00748,L01511,SC0071,2025-07-16,App,1,24.71,0.15,21.0
O00748,L01512,SC0071,2025-07-16,App,1,20.79,0.15,17.67
O00749,L01513,SC0071,2025-07-24,App,1,32.46,0.2,25.97
O00749,L01514,SC0071,2025-07-24,App,2,18.29,0.2,29.26
O00749,L01515,SC0071,2025-07-24,App,2,23.48,0.2,37.57
O00750,L01516,SC0071,2025-07-27,Store,1,18.39,0.3,12.87
O00750,L01517,SC0071,2025-07-27,Store,1,21.13,0.3,14.79
O00750,L01518,SC0071,2025-07-27,Store,1,37.04,0.3,25.93
O00751,L01519,SC0071,2025-09-27,App,1,36.84,0.3,25.79
O00752,L01520,SC0071,2025-11-15,Store,1,21.29,0.15,18.1
O00752,L01521,SC0071,2025-11-15,Store,1,21.55,0.15,18.32
O00752,L01522,SC0071,2025-11-15,Store,2,34.75,0.15,59.08
O00753,L01523,SC0071,2025-12-29,Store,1,21.06,0.25,15.8
O00753,L01524,SC0071,2025-12-29,Store,2,18.74,0.25,28.11
O00753,L01525,SC0071,2025-12-29,Store,1,37.81,0.25,28.36
O00754,L01526,SC0071,2026-01-15,App,2,39.83,0.15,67.71
O00754,L01527,SC0071,2026-01-15,App,1,25.91,0.15,22.02
O00755,L01528,SC0071,2026-04-07,Store,1,19.79,0.0,19.79
O00755,L01529,SC0071,2026-04-07,Store,1,38.42,0.0,38.42
O00756,L01530,SC0071,2026-04-19,Online,1,19.31,0.3,13.52
O00756,L01531,SC0071,2026-04-19,Online,1,26.85,0.3,18.8
O00757,L01532,SC0071,2026-06-13,Online,1,34.05,0.0,34.05
O00757,L01533,SC0071,2026-06-13,Online,1,19.41,0.0,19.41
O00758,L01534,SC0071,2026-06-13,Online,1,25.46,0.3,17.82
O00758,L01535,SC0071,2026-06-13,Online,2,24.61,0.3,34.45
O00758,L01536,SC0071,2026-06-13,Online,1,31.37,0.3,21.96
O00759,L01537,SC0072,2025-07-25,Online,2,36.34,0.2,58.14
O00759,L01538,SC0072,2025-07-25,Online,2,38.1,0.2,60.96
O00759,L01539,SC0072,2025-07-25,Online,2,35.62,0.2,56.99
O00760,L01540,SC0072,2025-09-14,Store,1,26.53,0.2,21.22
O00761,L01541,SC0072,2026-01-23,App,2,31.9,0.15,54.23
O00761,L01542,SC0072,2026-01-23,App,1,28.45,0.15,24.18
O00761,L01543,SC0072,2026-01-23,App,1,20.91,0.15,17.77
O00762,L01544,SC0072,2026-02-02,App,1,31.25,0.25,23.44
O00762,L01545,SC0072,2026-02-02,App,1,38.56,0.25,28.92
O00762,L01546,SC0072,2026-02-02,App,2,33.71,0.25,50.57
O00763,L01547,SC0072,2026-03-12,Online,1,33.97,0.25,25.48
O00763,L01548,SC0072,2026-03-12,Online,1,22.16,0.25,16.62
O00764,L01549,SC0072,2026-03-15,App,1,18.22,0.25,13.67
O00764,L01550,SC0072,2026-03-15,App,2,26.7,0.25,40.05
O00764,L01551,SC0072,2026-03-15,App,1,25.51,0.25,19.13
O00765,L01552,SC0072,2026-03-24,Online,1,19.73,0.25,14.8
O00765,L01553,SC0072,2026-03-24,Online,1,22.77,0.25,17.08
O00766,L01554,SC0072,2026-03-25,Store,1,34.82,0.15,29.6
O00766,L01555,SC0072,2026-03-25,Store,1,35.44,0.15,30.12
O00766,L01556,SC0072,2026-03-25,Store,2,35.5,0.15,60.35
O00767,L01557,SC0072,2026-06-08,Store,1,35.85,0.15,30.47
O00768,L01558,SC0073,2025-07-04,Online,1,19.98,0.15,16.98
O00768,L01559,SC0073,2025-07-04,Online,2,26.55,0.15,45.14
O00768,L01560,SC0073,2025-07-04,Online,2,39.5,0.15,67.15
O00769,L01561,SC0073,2025-07-15,Store,1,22.01,0.15,18.71
O00769,L01562,SC0073,2025-07-15,Store,1,21.05,0.15,17.89
O00769,L01563,SC0073,2025-07-15,Store,1,22.99,0.15,19.54
O00770,L01564,SC0073,2025-08-05,Online,1,30.27,0.3,21.19
O00771,L01565,SC0073,2025-08-20,Store,2,37.69,0.25,56.54
O00771,L01566,SC0073,2025-08-20,Store,1,38.35,0.25,28.76
O00772,L01567,SC0073,2025-08-21,Store,2,37.47,0.0,74.94
O00773,L01568,SC0073,2025-10-06,Online,1,23.57,0.2,18.86
O00774,L01569,SC0073,2025-12-27,Online,2,25.32,0.2,40.51
O00775,L01570,SC0073,2026-01-08,Online,1,22.63,0.3,15.84
O00775,L01571,SC0073,2026-01-08,Online,1,18.16,0.3,12.71
O00776,L01572,SC0073,2026-03-07,App,2,29.26,0.3,40.96
O00776,L01573,SC0073,2026-03-07,App,1,26.14,0.3,18.3
O00777,L01574,SC0073,2026-03-29,Store,1,23.29,0.15,19.8
O00777,L01575,SC0073,2026-03-29,Store,1,24.09,0.15,20.48
O00777,L01576,SC0073,2026-03-29,Store,1,33.52,0.15,28.49
O00778,L01577,SC0073,2026-06-01,Online,1,34.57,0.0,34.57
O00779,L01578,SC0074,2025-07-29,Online,1,29.83,0.0,29.83
O00780,L01579,SC0074,2025-09-13,Online,2,35.48,0.15,60.32
O00781,L01580,SC0074,2025-11-04,Store,1,33.73,0.2,26.98
O00782,L01581,SC0074,2025-11-17,Store,1,32.18,0.0,32.18
O00782,L01582,SC0074,2025-11-17,Store,2,25.26,0.0,50.52
O00783,L01583,SC0074,2025-12-22,Online,1,18.34,0.2,14.67
O00783,L01584,SC0074,2025-12-22,Online,1,31.35,0.2,25.08
O00784,L01585,SC0074,2025-12-31,App,2,29.59,0.3,41.43
O00785,L01586,SC0074,2025-12-31,Online,1,34.83,0.15,29.61
O00785,L01587,SC0074,2025-12-31,Online,1,33.84,0.15,28.76
O00785,L01588,SC0074,2025-12-31,Online,2,35.7,0.15,60.69
O00786,L01589,SC0074,2026-02-03,Store,2,30.21,0.3,42.29
O00786,L01590,SC0074,2026-02-03,Store,1,37.68,0.3,26.38
O00787,L01591,SC0074,2026-02-16,App,1,38.74,0.0,38.74
O00788,L01592,SC0074,2026-05-21,Store,1,36.96,0.2,29.57
O00789,L01593,SC0075,2025-08-02,Online,1,39.25,0.2,31.4
O00789,L01594,SC0075,2025-08-02,Online,1,19.16,0.2,15.33
O00789,L01595,SC0075,2025-08-02,Online,1,33.0,0.2,26.4
O00790,L01596,SC0075,2025-08-11,Online,1,20.27,0.25,15.2
O00790,L01597,SC0075,2025-08-11,Online,2,30.27,0.25,45.41
O00790,L01598,SC0075,2025-08-11,Online,2,29.03,0.25,43.55
O00791,L01599,SC0075,2026-01-18,Online,2,31.0,0.3,43.4
O00791,L01600,SC0075,2026-01-18,Online,2,32.29,0.3,45.21
O00791,L01601,SC0075,2026-01-18,Online,1,26.4,0.3,18.48
O00792,L01602,SC0075,2026-01-29,Store,2,23.05,0.15,39.19
O00792,L01603,SC0075,2026-01-29,Store,1,27.98,0.15,23.78
O00793,L01604,SC0075,2026-02-23,Online,1,39.73,0.25,29.8
O00793,L01605,SC0075,2026-02-23,Online,1,27.56,0.25,20.67
O00794,L01606,SC0075,2026-03-03,Online,1,26.14,0.0,26.14
O00794,L01607,SC0075,2026-03-03,Online,1,34.96,0.0,34.96
O00794,L01608,SC0075,2026-03-03,Online,1,27.61,0.0,27.61
O00795,L01609,SC0075,2026-03-06,App,1,24.54,0.3,17.18
O00796,L01610,SC0075,2026-06-08,App,2,36.16,0.3,50.62
O00797,L01611,SC0076,2025-09-08,Online,2,35.55,0.0,71.1
O00797,L01612,SC0076,2025-09-08,Online,1,20.25,0.0,20.25
O00797,L01613,SC0076,2025-09-08,Online,1,28.43,0.0,28.43
O00798,L01614,SC0076,2025-09-18,App,1,37.32,0.15,31.72
O00799,L01615,SC0076,2025-12-11,Store,1,23.63,0.15,20.09
O00799,L01616,SC0076,2025-12-11,Store,2,21.93,0.15,37.28
O00799,L01617,SC0076,2025-12-11,Store,1,30.9,0.15,26.27
O00800,L01618,SC0076,2026-02-26,App,1,24.06,0.3,16.84
O00800,L01619,SC0076,2026-02-26,App,1,38.72,0.3,27.1
O00801,L01620,SC0076,2026-03-26,Online,1,36.64,0.25,27.48
O00802,L01621,SC0076,2026-04-08,App,2,25.16,0.25,37.74
O00803,L01622,SC0076,2026-06-11,App,2,19.49,0.2,31.18
O00803,L01623,SC0076,2026-06-11,App,1,18.8,0.2,15.04
O00804,L01624,SC0077,2025-07-13,Online,1,21.5,0.0,21.5
O00805,L01625,SC0077,2025-08-08,App,2,36.04,0.2,57.66
O00806,L01626,SC0077,2025-09-28,Store,2,28.11,0.15,47.79
O00807,L01627,SC0077,2025-09-30,Online,1,21.37,0.3,14.96
O00808,L01628,SC0077,2025-10-28,App,1,31.51,0.3,22.06
O00809,L01629,SC0077,2025-11-04,Online,1,37.35,0.2,29.88
O00809,L01630,SC0077,2025-11-04,Online,2,19.33,0.2,30.93
O00810,L01631,SC0077,2025-11-24,Store,1,32.64,0.3,22.85
O00811,L01632,SC0077,2025-11-26,App,2,31.52,0.15,53.58
O00811,L01633,SC0077,2025-11-26,App,1,24.53,0.15,20.85
O00811,L01634,SC0077,2025-11-26,App,1,34.3,0.15,29.16
O00812,L01635,SC0077,2026-01-13,Online,1,33.11,0.3,23.18
O00813,L01636,SC0077,2026-04-16,Online,2,22.45,0.0,44.9
O00814,L01637,SC0077,2026-05-19,App,1,23.91,0.3,16.74
O00815,L01638,SC0077,2026-05-30,Online,2,22.93,0.25,34.4
O00815,L01639,SC0077,2026-05-30,Online,1,25.5,0.25,19.13
O00815,L01640,SC0077,2026-05-30,Online,1,29.63,0.25,22.22
O00816,L01641,SC0077,2026-05-31,Online,1,19.1,0.0,19.1
O00816,L01642,SC0077,2026-05-31,Online,2,32.73,0.0,65.46
O00816,L01643,SC0077,2026-05-31,Online,2,36.59,0.0,73.18
O00817,L01644,SC0078,2025-07-11,Online,1,23.94,0.3,16.76
O00817,L01645,SC0078,2025-07-11,Online,1,19.61,0.3,13.73
O00817,L01646,SC0078,2025-07-11,Online,1,31.57,0.3,22.1
O00818,L01647,SC0078,2025-09-12,Store,1,27.09,0.25,20.32
O00818,L01648,SC0078,2025-09-12,Store,1,19.16,0.25,14.37
O00819,L01649,SC0078,2026-01-08,App,1,30.24,0.3,21.17
O00819,L01650,SC0078,2026-01-08,App,2,37.42,0.3,52.39
O00819,L01651,SC0078,2026-01-08,App,2,28.46,0.3,39.84
O00820,L01652,SC0078,2026-01-16,App,2,38.06,0.15,64.7
O00820,L01653,SC0078,2026-01-16,App,2,29.03,0.15,49.35
O00820,L01654,SC0078,2026-01-16,App,1,22.25,0.15,18.91
O00821,L01655,SC0078,2026-03-27,App,2,21.28,0.0,42.56
O00822,L01656,SC0078,2026-03-31,Store,2,26.46,0.3,37.04
O00823,L01657,SC0078,2026-04-18,Online,1,24.64,0.0,24.64
O00824,L01658,SC0078,2026-05-24,Online,1,37.88,0.25,28.41
O00825,L01659,SC0078,2026-06-12,Online,1,20.82,0.25,15.62
O00825,L01660,SC0078,2026-06-12,Online,2,33.63,0.25,50.45
O00826,L01661,SC0078,2026-06-13,Online,1,38.37,0.2,30.7
O00826,L01662,SC0078,2026-06-13,Online,1,37.89,0.2,30.31
O00826,L01663,SC0078,2026-06-13,Online,2,26.35,0.2,42.16
O00827,L01664,SC0079,2025-07-29,Online,1,28.98,0.25,21.74
O00828,L01665,SC0079,2025-08-06,Store,1,31.99,0.0,31.99
O00829,L01666,SC0079,2025-11-29,App,1,20.97,0.15,17.82
O00830,L01667,SC0079,2026-03-14,Online,1,36.57,0.2,29.26
O00831,L01668,SC0079,2026-03-20,Online,1,32.44,0.15,27.57
O00831,L01669,SC0079,2026-03-20,Online,1,22.88,0.15,19.45
O00832,L01670,SC0079,2026-04-30,Online,2,38.04,0.25,57.06
O00832,L01671,SC0079,2026-04-30,Online,1,22.88,0.25,17.16
O00833,L01672,SC0079,2026-04-30,Store,1,35.26,0.25,26.45
O00833,L01673,SC0079,2026-04-30,Store,2,30.42,0.25,45.63
O00833,L01674,SC0079,2026-04-30,Store,2,37.99,0.25,56.99
O00834,L01675,SC0079,2026-06-23,Store,1,33.06,0.2,26.45
O00835,L01676,SC0080,2025-09-22,Online,1,18.82,0.15,16.0
O00835,L01677,SC0080,2025-09-22,Online,2,21.04,0.15,35.77
O00836,L01678,SC0080,2025-10-01,Online,1,33.21,0.3,23.25
O00836,L01679,SC0080,2025-10-01,Online,1,34.95,0.3,24.47
O00836,L01680,SC0080,2025-10-01,Online,1,38.14,0.3,26.7
O00837,L01681,SC0080,2025-10-02,Store,2,19.9,0.0,39.8
O00837,L01682,SC0080,2025-10-02,Store,2,20.02,0.0,40.04
O00837,L01683,SC0080,2025-10-02,Store,1,20.87,0.0,20.87
O00838,L01684,SC0080,2025-10-20,Online,2,20.39,0.25,30.59
O00838,L01685,SC0080,2025-10-20,Online,2,34.21,0.25,51.32
O00838,L01686,SC0080,2025-10-20,Online,2,20.31,0.25,30.47
O00839,L01687,SC0080,2026-02-28,Online,1,23.31,0.25,17.48
O00839,L01688,SC0080,2026-02-28,Online,1,18.93,0.25,14.2
O00840,L01689,SC0080,2026-03-08,App,1,33.52,0.15,28.49
O00841,L01690,SC0080,2026-06-02,Online,1,33.81,0.0,33.81
O00841,L01691,SC0080,2026-06-02,Online,1,21.71,0.0,21.71
O00841,L01692,SC0080,2026-06-02,Online,1,33.34,0.0,33.34
O00842,L01693,SC0081,2025-07-01,Store,1,24.38,0.25,18.29
O00842,L01694,SC0081,2025-07-01,Store,1,35.5,0.25,26.63
O00843,L01695,SC0081,2025-07-07,App,1,24.12,0.2,19.3
O00844,L01696,SC0081,2025-07-27,Online,2,23.1,0.0,46.2
O00844,L01697,SC0081,2025-07-27,Online,1,38.26,0.0,38.26
O00845,L01698,SC0081,2025-09-10,Online,1,33.53,0.2,26.82
O00846,L01699,SC0081,2025-12-27,Store,1,33.47,0.25,25.1
O00846,L01700,SC0081,2025-12-27,Store,1,39.32,0.25,29.49
O00846,L01701,SC0081,2025-12-27,Store,1,39.81,0.25,29.86
O00847,L01702,SC0081,2026-01-07,Online,1,31.18,0.0,31.18
O00847,L01703,SC0081,2026-01-07,Online,1,35.21,0.0,35.21
O00847,L01704,SC0081,2026-01-07,Online,1,26.13,0.0,26.13
O00848,L01705,SC0081,2026-03-22,App,1,39.06,0.3,27.34
O00848,L01706,SC0081,2026-03-22,App,1,36.9,0.3,25.83
O00848,L01707,SC0081,2026-03-22,App,2,23.68,0.3,33.15
O00849,L01708,SC0081,2026-06-12,Online,1,31.02,0.3,21.71
O00849,L01709,SC0081,2026-06-12,Online,2,38.18,0.3,53.45
O00849,L01710,SC0081,2026-06-12,Online,1,30.54,0.3,21.38
O00850,L01711,SC0082,2025-07-27,App,1,37.97,0.15,32.27
O00851,L01712,SC0082,2026-02-15,Store,1,34.19,0.25,25.64
O00852,L01713,SC0082,2026-03-10,Store,1,21.63,0.2,17.3
O00853,L01714,SC0082,2026-03-26,Online,1,38.45,0.3,26.92
O00853,L01715,SC0082,2026-03-26,Online,1,39.35,0.3,27.55
O00854,L01716,SC0082,2026-05-04,Online,1,25.62,0.0,25.62
O00854,L01717,SC0082,2026-05-04,Online,1,39.91,0.0,39.91
O00854,L01718,SC0082,2026-05-04,Online,1,20.28,0.0,20.28
O00855,L01719,SC0082,2026-06-12,Online,1,39.85,0.25,29.89
O00856,L01720,SC0083,2025-07-04,App,1,19.91,0.2,15.93
O00856,L01721,SC0083,2025-07-04,App,2,26.26,0.2,42.02
O00857,L01722,SC0083,2025-08-17,Store,1,30.68,0.25,23.01
O00857,L01723,SC0083,2025-08-17,Store,1,26.34,0.25,19.76
O00858,L01724,SC0083,2025-09-07,Store,1,19.26,0.3,13.48
O00859,L01725,SC0083,2025-10-14,Online,2,30.71,0.3,42.99
O00859,L01726,SC0083,2025-10-14,Online,1,22.06,0.3,15.44
O00859,L01727,SC0083,2025-10-14,Online,1,35.56,0.3,24.89
O00860,L01728,SC0083,2025-11-13,App,2,19.74,0.0,39.48
O00861,L01729,SC0083,2025-12-08,Online,1,30.34,0.25,22.76
O00862,L01730,SC0083,2026-01-10,App,2,20.24,0.15,34.41
O00862,L01731,SC0083,2026-01-10,App,1,38.08,0.15,32.37
O00863,L01732,SC0083,2026-01-10,App,2,23.37,0.25,35.06
O00864,L01733,SC0083,2026-04-15,Online,2,33.72,0.3,47.21
O00864,L01734,SC0083,2026-04-15,Online,2,18.71,0.3,26.19
O00865,L01735,SC0083,2026-05-09,Store,2,34.53,0.25,51.8
O00865,L01736,SC0083,2026-05-09,Store,2,29.7,0.25,44.55
O00866,L01737,SC0083,2026-06-21,Online,1,20.32,0.0,20.32
O00866,L01738,SC0083,2026-06-21,Online,1,22.0,0.0,22.0
O00866,L01739,SC0083,2026-06-21,Online,1,35.29,0.0,35.29
O00867,L01740,SC0084,2025-07-08,Online,1,24.56,0.0,24.56
O00868,L01741,SC0084,2025-07-29,Online,1,35.18,0.25,26.39
O00868,L01742,SC0084,2025-07-29,Online,2,24.1,0.25,36.15
O00868,L01743,SC0084,2025-07-29,Online,1,33.64,0.25,25.23
O00869,L01744,SC0084,2025-08-02,App,1,22.13,0.3,15.49
O00869,L01745,SC0084,2025-08-02,App,1,19.65,0.3,13.76
O00870,L01746,SC0084,2025-08-23,App,1,23.68,0.2,18.94
O00870,L01747,SC0084,2025-08-23,App,1,29.04,0.2,23.23
O00870,L01748,SC0084,2025-08-23,App,1,21.6,0.2,17.28
O00871,L01749,SC0084,2025-09-20,Store,1,32.32,0.25,24.24
O00871,L01750,SC0084,2025-09-20,Store,1,35.45,0.25,26.59
O00872,L01751,SC0084,2025-09-29,App,1,26.46,0.15,22.49
O00872,L01752,SC0084,2025-09-29,App,2,21.09,0.15,35.85
O00873,L01753,SC0084,2025-11-29,Store,1,22.05,0.3,15.44
O00873,L01754,SC0084,2025-11-29,Store,2,36.17,0.3,50.64
O00873,L01755,SC0084,2025-11-29,Store,2,27.01,0.3,37.81
O00874,L01756,SC0084,2025-12-16,Store,2,22.65,0.25,33.98
O00874,L01757,SC0084,2025-12-16,Store,2,28.04,0.25,42.06
O00875,L01758,SC0084,2025-12-17,Store,2,26.85,0.3,37.59
O00875,L01759,SC0084,2025-12-17,Store,2,34.29,0.3,48.01
O00876,L01760,SC0084,2026-01-15,Online,2,36.76,0.25,55.14
O00876,L01761,SC0084,2026-01-15,Online,1,37.49,0.25,28.12
O00876,L01762,SC0084,2026-01-15,Online,1,20.75,0.25,15.56
O00877,L01763,SC0084,2026-03-15,Online,1,39.83,0.0,39.83
O00878,L01764,SC0084,2026-06-29,Online,1,39.14,0.15,33.27
O00878,L01765,SC0084,2026-06-29,Online,1,35.48,0.15,30.16
O00879,L01766,SC0085,2025-10-02,Online,2,26.76,0.25,40.14
O00879,L01767,SC0085,2025-10-02,Online,1,20.31,0.25,15.23
O00880,L01768,SC0085,2025-11-09,Store,1,18.04,0.0,18.04
O00881,L01769,SC0085,2025-11-10,App,2,24.87,0.3,34.82
O00881,L01770,SC0085,2025-11-10,App,2,34.43,0.3,48.2
O00881,L01771,SC0085,2025-11-10,App,1,24.63,0.3,17.24
O00882,L01772,SC0085,2025-12-09,Online,2,23.79,0.2,38.06
O00882,L01773,SC0085,2025-12-09,Online,1,28.03,0.2,22.42
O00882,L01774,SC0085,2025-12-09,Online,2,37.51,0.2,60.02
O00883,L01775,SC0085,2026-02-11,App,2,29.32,0.15,49.84
O00883,L01776,SC0085,2026-02-11,App,1,30.71,0.15,26.1
O00884,L01777,SC0085,2026-02-23,App,2,29.65,0.0,59.3
O00885,L01778,SC0085,2026-06-17,Store,2,18.49,0.3,25.89
O00885,L01779,SC0085,2026-06-17,Store,1,24.51,0.3,17.16
O00886,L01780,SC0085,2026-06-19,App,2,30.55,0.3,42.77
O00886,L01781,SC0085,2026-06-19,App,1,38.46,0.3,26.92
O00886,L01782,SC0085,2026-06-19,App,1,37.71,0.3,26.4
O00887,L01783,SC0086,2025-07-10,Online,1,38.6,0.0,38.6
O00888,L01784,SC0086,2025-08-03,Online,1,29.13,0.25,21.85
O00888,L01785,SC0086,2025-08-03,Online,1,24.15,0.25,18.11
O00889,L01786,SC0086,2025-10-06,App,1,29.89,0.2,23.91
O00890,L01787,SC0086,2025-11-01,Store,2,25.4,0.2,40.64
O00890,L01788,SC0086,2025-11-01,Store,1,37.96,0.2,30.37
O00891,L01789,SC0086,2025-11-04,Online,1,18.48,0.3,12.94
O00892,L01790,SC0086,2025-11-17,Online,1,23.63,0.2,18.9
O00892,L01791,SC0086,2025-11-17,Online,1,38.74,0.2,30.99
O00893,L01792,SC0086,2025-12-04,Online,2,31.99,0.15,54.38
O00894,L01793,SC0086,2025-12-25,Store,1,29.94,0.3,20.96
O00895,L01794,SC0086,2026-02-07,Store,1,19.7,0.15,16.75
O00896,L01795,SC0086,2026-02-15,App,1,39.55,0.3,27.69
O00896,L01796,SC0086,2026-02-15,App,2,21.07,0.3,29.5
O00897,L01797,SC0086,2026-06-02,Store,1,25.93,0.15,22.04
O00897,L01798,SC0086,2026-06-02,Store,1,19.19,0.15,16.31
O00898,L01799,SC0086,2026-06-26,App,2,31.71,0.0,63.42
O00898,L01800,SC0086,2026-06-26,App,2,25.96,0.0,51.92
O00899,L01801,SC0087,2025-09-01,Store,2,28.66,0.15,48.72
O00899,L01802,SC0087,2025-09-01,Store,1,28.21,0.15,23.98
O00900,L01803,SC0087,2025-10-26,App,1,30.91,0.15,26.27
O00900,L01804,SC0087,2025-10-26,App,1,18.68,0.15,15.88
O00900,L01805,SC0087,2025-10-26,App,2,34.04,0.15,57.87
O00901,L01806,SC0087,2025-11-06,Online,2,24.44,0.15,41.55
O00902,L01807,SC0087,2025-11-23,Online,2,22.98,0.3,32.17
O00902,L01808,SC0087,2025-11-23,Online,1,27.17,0.3,19.02
O00903,L01809,SC0087,2025-12-27,App,1,36.62,0.2,29.3
O00903,L01810,SC0087,2025-12-27,App,1,21.91,0.2,17.53
O00903,L01811,SC0087,2025-12-27,App,1,22.14,0.2,17.71
O00904,L01812,SC0087,2025-12-30,Online,1,24.58,0.25,18.44
O00904,L01813,SC0087,2025-12-30,Online,2,37.27,0.25,55.91
O00904,L01814,SC0087,2025-12-30,Online,2,31.62,0.25,47.43
O00905,L01815,SC0087,2026-01-04,Online,1,20.08,0.25,15.06
O00906,L01816,SC0087,2026-06-12,App,1,28.28,0.3,19.8
O00907,L01817,SC0088,2025-07-08,App,1,27.59,0.0,27.59
O00908,L01818,SC0088,2025-08-12,App,2,24.77,0.2,39.63
O00909,L01819,SC0088,2025-09-12,App,1,38.36,0.0,38.36
O00910,L01820,SC0088,2025-10-07,Online,1,21.67,0.2,17.34
O00910,L01821,SC0088,2025-10-07,Online,1,30.72,0.2,24.58
O00911,L01822,SC0088,2025-11-21,App,1,26.74,0.25,20.06
O00912,L01823,SC0088,2026-01-07,Online,1,27.73,0.15,23.57
O00913,L01824,SC0088,2026-01-10,Store,1,35.65,0.2,28.52
O00914,L01825,SC0088,2026-03-08,Online,1,39.31,0.25,29.48
O00914,L01826,SC0088,2026-03-08,Online,1,26.8,0.25,20.1
O00915,L01827,SC0088,2026-04-22,Store,1,35.9,0.25,26.93
O00915,L01828,SC0088,2026-04-22,Store,2,21.35,0.25,32.03
O00915,L01829,SC0088,2026-04-22,Store,1,19.22,0.25,14.42
O00916,L01830,SC0088,2026-04-24,App,1,35.91,0.25,26.93
O00917,L01831,SC0088,2026-05-12,Online,2,24.01,0.2,38.42
O00917,L01832,SC0088,2026-05-12,Online,1,38.88,0.2,31.1
O00918,L01833,SC0088,2026-05-21,Online,2,20.18,0.0,40.36
O00919,L01834,SC0089,2025-07-08,Online,1,27.04,0.15,22.98
O00920,L01835,SC0089,2025-07-27,App,1,26.28,0.3,18.4
O00920,L01836,SC0089,2025-07-27,App,1,34.91,0.3,24.44
O00921,L01837,SC0089,2025-10-31,App,1,26.08,0.15,22.17
O00921,L01838,SC0089,2025-10-31,App,1,25.75,0.15,21.89
O00922,L01839,SC0089,2025-11-07,Online,2,18.44,0.0,36.88
O00922,L01840,SC0089,2025-11-07,Online,1,21.61,0.0,21.61
O00923,L01841,SC0089,2025-12-07,Online,2,20.49,0.0,40.98
O00924,L01842,SC0089,2026-04-15,Store,2,30.53,0.15,51.9
O00925,L01843,SC0089,2026-04-23,Store,1,19.06,0.15,16.2
O00925,L01844,SC0089,2026-04-23,Store,2,21.48,0.15,36.52
O00925,L01845,SC0089,2026-04-23,Store,1,28.27,0.15,24.03
O00926,L01846,SC0089,2026-05-14,App,2,37.75,0.0,75.5
O00927,L01847,SC0089,2026-05-21,Store,1,27.77,0.15,23.6
O00927,L01848,SC0089,2026-05-21,Store,2,31.44,0.15,53.45
O00928,L01849,SC0090,2025-07-23,App,1,22.74,0.3,15.92
O00928,L01850,SC0090,2025-07-23,App,1,23.88,0.3,16.72
O00929,L01851,SC0090,2025-10-01,App,1,23.95,0.2,19.16
O00930,L01852,SC0090,2026-03-10,App,1,19.39,0.25,14.54
O00930,L01853,SC0090,2026-03-10,App,2,33.25,0.25,49.88
O00930,L01854,SC0090,2026-03-10,App,1,21.1,0.25,15.83
O00931,L01855,SC0090,2026-05-05,Online,1,25.76,0.2,20.61
O00931,L01856,SC0090,2026-05-05,Online,2,31.59,0.2,50.54
O00931,L01857,SC0090,2026-05-05,Online,1,30.74,0.2,24.59
O00932,L01858,SC0090,2026-05-14,App,1,38.33,0.15,32.58
O00932,L01859,SC0090,2026-05-14,App,2,29.52,0.15,50.18
O00933,L01860,SC0090,2026-06-05,App,2,26.21,0.3,36.69
O00934,L01861,SC0091,2025-08-06,Store,2,24.78,0.3,34.69
O00934,L01862,SC0091,2025-08-06,Store,1,23.89,0.3,16.72
O00934,L01863,SC0091,2025-08-06,Store,1,20.85,0.3,14.6
O00935,L01864,SC0091,2025-09-04,App,1,37.61,0.25,28.21
O00935,L01865,SC0091,2025-09-04,App,1,23.08,0.25,17.31
O00935,L01866,SC0091,2025-09-04,App,1,32.21,0.25,24.16
O00936,L01867,SC0091,2025-10-28,Online,2,31.96,0.3,44.74
O00936,L01868,SC0091,2025-10-28,Online,1,27.51,0.3,19.26
O00936,L01869,SC0091,2025-10-28,Online,1,35.73,0.3,25.01
O00937,L01870,SC0091,2026-03-21,App,2,27.22,0.3,38.11
O00937,L01871,SC0091,2026-03-21,App,2,35.85,0.3,50.19
O00938,L01872,SC0091,2026-03-24,Store,1,34.7,0.3,24.29
O00938,L01873,SC0091,2026-03-24,Store,1,28.54,0.3,19.98
O00938,L01874,SC0091,2026-03-24,Store,1,20.44,0.3,14.31
O00939,L01875,SC0091,2026-03-26,App,2,21.53,0.3,30.14
O00939,L01876,SC0091,2026-03-26,App,1,31.91,0.3,22.34
O00939,L01877,SC0091,2026-03-26,App,2,33.9,0.3,47.46
O00940,L01878,SC0091,2026-03-28,Store,2,25.67,0.15,43.64
O00941,L01879,SC0091,2026-05-08,Online,1,35.78,0.3,25.05
O00941,L01880,SC0091,2026-05-08,Online,1,28.45,0.3,19.92
O00942,L01881,SC0091,2026-05-29,Online,1,39.88,0.0,39.88
O00942,L01882,SC0091,2026-05-29,Online,1,37.69,0.0,37.69
O00942,L01883,SC0091,2026-05-29,Online,1,23.44,0.0,23.44
O00943,L01884,SC0092,2025-07-16,Online,1,38.51,0.25,28.88
O00944,L01885,SC0092,2025-09-26,App,1,22.89,0.0,22.89
O00944,L01886,SC0092,2025-09-26,App,2,27.05,0.0,54.1
O00944,L01887,SC0092,2025-09-26,App,2,39.03,0.0,78.06
O00945,L01888,SC0092,2025-09-26,App,1,18.12,0.0,18.12
O00945,L01889,SC0092,2025-09-26,App,2,20.95,0.0,41.9
O00945,L01890,SC0092,2025-09-26,App,1,38.38,0.0,38.38
O00946,L01891,SC0092,2025-10-20,Online,1,31.36,0.15,26.66
O00946,L01892,SC0092,2025-10-20,Online,2,25.54,0.15,43.42
O00946,L01893,SC0092,2025-10-20,Online,1,20.67,0.15,17.57
O00947,L01894,SC0092,2025-12-24,Store,2,31.72,0.25,47.58
O00948,L01895,SC0092,2026-03-04,Store,2,28.37,0.2,45.39
O00948,L01896,SC0092,2026-03-04,Store,2,36.31,0.2,58.1
O00948,L01897,SC0092,2026-03-04,Store,1,36.31,0.2,29.05
O00949,L01898,SC0092,2026-04-13,App,1,32.83,0.15,27.91
O00949,L01899,SC0092,2026-04-13,App,1,30.54,0.15,25.96
O00950,L01900,SC0092,2026-04-28,App,1,27.74,0.3,19.42
O00950,L01901,SC0092,2026-04-28,App,1,27.91,0.3,19.54
O00951,L01902,SC0092,2026-05-20,Store,2,18.82,0.15,31.99
O00951,L01903,SC0092,2026-05-20,Store,2,23.4,0.15,39.78
O00951,L01904,SC0092,2026-05-20,Store,1,28.84,0.15,24.51
O00952,L01905,SC0092,2026-06-02,Store,1,24.9,0.25,18.68
O00952,L01906,SC0092,2026-06-02,Store,1,28.64,0.25,21.48
O00953,L01907,SC0092,2026-06-12,Online,1,31.62,0.15,26.88
O00953,L01908,SC0092,2026-06-12,Online,1,21.97,0.15,18.67
O00953,L01909,SC0092,2026-06-12,Online,1,27.76,0.15,23.6
O00954,L01910,SC0093,2025-07-15,Store,1,18.73,0.3,13.11
O00954,L01911,SC0093,2025-07-15,Store,1,31.46,0.3,22.02
O00954,L01912,SC0093,2025-07-15,Store,1,38.7,0.3,27.09
O00955,L01913,SC0093,2025-08-29,Online,2,35.36,0.0,70.72
O00956,L01914,SC0093,2025-08-30,Online,1,39.15,0.15,33.28
O00957,L01915,SC0093,2025-10-01,App,1,30.03,0.2,24.02
O00957,L01916,SC0093,2025-10-01,App,2,25.39,0.2,40.62
O00958,L01917,SC0093,2025-11-18,App,2,24.48,0.3,34.27
O00958,L01918,SC0093,2025-11-18,App,1,30.11,0.3,21.08
O00959,L01919,SC0093,2025-11-27,App,2,23.27,0.2,37.23
O00959,L01920,SC0093,2025-11-27,App,1,23.16,0.2,18.53
O00960,L01921,SC0093,2026-03-27,App,1,18.15,0.3,12.71
O00960,L01922,SC0093,2026-03-27,App,2,23.37,0.3,32.72
O00961,L01923,SC0093,2026-05-06,Online,1,39.89,0.25,29.92
O00962,L01924,SC0093,2026-05-27,App,1,23.35,0.25,17.51
O00962,L01925,SC0093,2026-05-27,App,1,37.73,0.25,28.3
O00962,L01926,SC0093,2026-05-27,App,1,18.51,0.25,13.88
O00963,L01927,SC0094,2025-09-27,Online,1,37.74,0.25,28.31
O00963,L01928,SC0094,2025-09-27,Online,1,32.15,0.25,24.11
O00964,L01929,SC0094,2025-09-28,Store,1,20.9,0.15,17.77
O00964,L01930,SC0094,2025-09-28,Store,2,18.98,0.15,32.27
O00965,L01931,SC0094,2025-10-23,App,1,33.98,0.0,33.98
O00966,L01932,SC0094,2025-11-24,App,1,34.09,0.25,25.57
O00966,L01933,SC0094,2025-11-24,App,1,18.55,0.25,13.91
O00967,L01934,SC0094,2025-12-06,App,1,27.66,0.2,22.13
O00967,L01935,SC0094,2025-12-06,App,1,24.94,0.2,19.95
O00967,L01936,SC0094,2025-12-06,App,1,38.02,0.2,30.42
O00968,L01937,SC0094,2025-12-15,Online,2,38.86,0.3,54.4
O00968,L01938,SC0094,2025-12-15,Online,2,31.88,0.3,44.63
O00969,L01939,SC0094,2026-01-28,Store,1,38.79,0.0,38.79
O00970,L01940,SC0094,2026-02-02,Store,1,25.11,0.0,25.11
O00970,L01941,SC0094,2026-02-02,Store,2,21.99,0.0,43.98
O00971,L01942,SC0094,2026-03-04,Online,1,35.84,0.25,26.88
O00971,L01943,SC0094,2026-03-04,Online,2,29.06,0.25,43.59
O00972,L01944,SC0094,2026-06-05,App,1,23.75,0.2,19.0
O00972,L01945,SC0094,2026-06-05,App,1,30.26,0.2,24.21
O00973,L01946,SC0094,2026-06-07,Store,1,27.75,0.0,27.75
O00973,L01947,SC0094,2026-06-07,Store,1,37.82,0.0,37.82
O00974,L01948,SC0095,2025-07-01,App,1,31.25,0.0,31.25
O00975,L01949,SC0095,2025-07-30,App,1,21.58,0.3,15.11
O00976,L01950,SC0095,2025-08-12,App,2,18.41,0.3,25.77
O00977,L01951,SC0095,2025-09-08,Store,1,19.66,0.0,19.66
O00978,L01952,SC0095,2025-09-20,Online,2,35.13,0.3,49.18
O00979,L01953,SC0095,2025-11-16,Online,1,20.38,0.0,20.38
O00979,L01954,SC0095,2025-11-16,Online,1,34.63,0.0,34.63
O00979,L01955,SC0095,2025-11-16,Online,1,32.81,0.0,32.81
O00980,L01956,SC0095,2025-11-20,App,1,38.04,0.25,28.53
O00980,L01957,SC0095,2025-11-20,App,1,25.2,0.25,18.9
O00981,L01958,SC0095,2025-12-24,Online,1,20.27,0.15,17.23
O00981,L01959,SC0095,2025-12-24,Online,2,20.54,0.15,34.92
O00982,L01960,SC0095,2026-01-15,Online,2,30.6,0.15,52.02
O00982,L01961,SC0095,2026-01-15,Online,2,23.73,0.15,40.34
O00983,L01962,SC0095,2026-03-01,Online,2,19.21,0.3,26.89
O00983,L01963,SC0095,2026-03-01,Online,1,18.07,0.3,12.65
O00983,L01964,SC0095,2026-03-01,Online,1,28.19,0.3,19.73
O00984,L01965,SC0095,2026-04-10,Online,2,21.51,0.0,43.02
O00984,L01966,SC0095,2026-04-10,Online,1,24.02,0.0,24.02
O00984,L01967,SC0095,2026-04-10,Online,1,22.09,0.0,22.09
O00985,L01968,SC0095,2026-06-17,Store,2,23.58,0.3,33.01
O00985,L01969,SC0095,2026-06-17,Store,1,33.3,0.3,23.31
O00986,L01970,SC0096,2025-08-15,App,1,31.77,0.0,31.77
O00987,L01971,SC0096,2025-08-26,Online,1,32.66,0.0,32.66
O00987,L01972,SC0096,2025-08-26,Online,1,36.09,0.0,36.09
O00987,L01973,SC0096,2025-08-26,Online,1,33.69,0.0,33.69
O00988,L01974,SC0096,2025-11-26,Online,2,33.33,0.0,66.66
O00988,L01975,SC0096,2025-11-26,Online,1,26.86,0.0,26.86
O00988,L01976,SC0096,2025-11-26,Online,1,20.42,0.0,20.42
O00989,L01977,SC0096,2025-12-29,App,2,30.81,0.25,46.22
O00989,L01978,SC0096,2025-12-29,App,2,21.35,0.25,32.03
O00989,L01979,SC0096,2025-12-29,App,1,21.61,0.25,16.21
O00990,L01980,SC0096,2026-01-31,Online,1,25.38,0.0,25.38
O00991,L01981,SC0096,2026-04-04,Online,1,37.4,0.0,37.4
O00991,L01982,SC0096,2026-04-04,Online,1,25.78,0.0,25.78
O00992,L01983,SC0096,2026-06-02,Online,1,30.66,0.2,24.53
O00993,L01984,SC0097,2025-07-16,Online,1,32.34,0.0,32.34
O00994,L01985,SC0097,2025-08-12,Store,2,35.45,0.2,56.72
O00995,L01986,SC0097,2025-09-12,Online,1,24.31,0.15,20.66
O00996,L01987,SC0097,2025-12-27,Store,2,35.8,0.3,50.12
O00996,L01988,SC0097,2025-12-27,Store,2,38.15,0.3,53.41
O00996,L01989,SC0097,2025-12-27,Store,1,29.98,0.3,20.99
O00997,L01990,SC0097,2026-05-14,Online,2,25.69,0.3,35.97
O00997,L01991,SC0097,2026-05-14,Online,1,36.99,0.3,25.89
O00997,L01992,SC0097,2026-05-14,Online,1,18.62,0.3,13.03
O00998,L01993,SC0097,2026-05-29,Online,1,30.08,0.15,25.57
O00999,L01994,SC0097,2026-06-12,App,1,37.43,0.0,37.43
O00999,L01995,SC0097,2026-06-12,App,1,19.75,0.0,19.75
O00999,L01996,SC0097,2026-06-12,App,2,29.49,0.0,58.98
O01000,L01997,SC0097,2026-06-14,Online,1,23.37,0.3,16.36
O01000,L01998,SC0097,2026-06-14,Online,2,35.04,0.3,49.06
O01000,L01999,SC0097,2026-06-14,Online,1,27.86,0.3,19.5
O01001,L02000,SC0097,2026-06-17,Store,1,18.66,0.2,14.93
O01001,L02001,SC0097,2026-06-17,Store,1,19.29,0.2,15.43
O01002,L02002,SC0097,2026-06-17,App,1,33.61,0.3,23.53
O01002,L02003,SC0097,2026-06-17,App,1,35.3,0.3,24.71
O01002,L02004,SC0097,2026-06-17,App,2,20.95,0.3,29.33
O01003,L02005,SC0097,2026-06-27,Store,1,20.17,0.25,15.13
O01003,L02006,SC0097,2026-06-27,Store,1,29.86,0.25,22.4
O01004,L02007,SC0098,2025-08-06,Online,1,23.51,0.25,17.63
O01004,L02008,SC0098,2025-08-06,Online,2,30.4,0.25,45.6
O01004,L02009,SC0098,2025-08-06,Online,2,19.24,0.25,28.86
O01005,L02010,SC0098,2025-08-30,Online,1,18.98,0.0,18.98
O01005,L02011,SC0098,2025-08-30,Online,1,21.23,0.0,21.23
O01005,L02012,SC0098,2025-08-30,Online,2,31.29,0.0,62.58
O01006,L02013,SC0098,2025-09-18,App,1,29.94,0.2,23.95
O01006,L02014,SC0098,2025-09-18,App,2,20.42,0.2,32.67
O01006,L02015,SC0098,2025-09-18,App,1,33.8,0.2,27.04
O01007,L02016,SC0098,2025-09-20,App,1,35.55,0.25,26.66
O01007,L02017,SC0098,2025-09-20,App,2,36.67,0.25,55.01
O01008,L02018,SC0098,2025-12-19,Online,2,39.48,0.0,78.96
O01009,L02019,SC0098,2026-02-23,Store,1,19.08,0.3,13.36
O01010,L02020,SC0098,2026-03-27,Online,1,18.49,0.25,13.87
O01010,L02021,SC0098,2026-03-27,Online,1,21.07,0.25,15.8
O01011,L02022,SC0098,2026-06-11,Online,2,25.39,0.15,43.16
O01012,L02023,SC0098,2026-06-26,App,1,32.48,0.3,22.74
O01012,L02024,SC0098,2026-06-26,App,1,24.11,0.3,16.88
O01013,L02025,SC0099,2025-08-25,App,1,28.25,0.25,21.19
O01013,L02026,SC0099,2025-08-25,App,1,31.86,0.25,23.9
O01013,L02027,SC0099,2025-08-25,App,2,29.04,0.25,43.56
O01014,L02028,SC0099,2025-09-02,Store,2,36.99,0.2,59.18
O01014,L02029,SC0099,2025-09-02,Store,1,29.03,0.2,23.22
O01014,L02030,SC0099,2025-09-02,Store,1,22.69,0.2,18.15
O01015,L02031,SC0099,2026-02-04,App,2,28.8,0.2,46.08
O01015,L02032,SC0099,2026-02-04,App,2,31.23,0.2,49.97
O01016,L02033,SC0099,2026-03-03,Store,1,20.01,0.15,17.01
O01016,L02034,SC0099,2026-03-03,Store,1,32.11,0.15,27.29
O01017,L02035,SC0099,2026-03-26,App,1,30.89,0.3,21.62
O01018,L02036,SC0099,2026-04-05,Online,1,29.28,0.15,24.89
O01018,L02037,SC0099,2026-04-05,Online,1,38.97,0.15,33.12
O01019,L02038,SC0099,2026-04-11,Online,1,27.43,0.0,27.43
O01019,L02039,SC0099,2026-04-11,Online,2,30.45,0.0,60.9
O01020,L02040,SC0099,2026-04-14,App,1,39.68,0.2,31.74
O01020,L02041,SC0099,2026-04-14,App,2,28.29,0.2,45.26
O01021,L02042,SC0099,2026-05-31,Store,1,27.26,0.2,21.81
O01022,L02043,SC0099,2026-06-21,Store,1,26.12,0.25,19.59
O01022,L02044,SC0099,2026-06-21,Store,1,33.1,0.25,24.83
O01022,L02045,SC0099,2026-06-21,Store,1,29.94,0.25,22.46
O01023,L02046,SC0100,2025-08-07,Online,2,22.35,0.2,35.76
O01023,L02047,SC0100,2025-08-07,Online,1,37.58,0.2,30.06
O01024,L02048,SC0100,2025-08-14,Online,1,30.73,0.0,30.73
O01024,L02049,SC0100,2025-08-14,Online,1,37.16,0.0,37.16
O01025,L02050,SC0100,2025-10-31,Online,1,30.53,0.25,22.9
O01025,L02051,SC0100,2025-10-31,Online,1,20.53,0.25,15.4
O01025,L02052,SC0100,2025-10-31,Online,2,25.73,0.25,38.6
O01026,L02053,SC0100,2025-12-07,App,2,36.72,0.25,55.08
O01027,L02054,SC0100,2026-04-01,Online,2,26.12,0.0,52.24
O01028,L02055,SC0100,2026-04-04,Online,1,37.77,0.15,32.1
O01029,L02056,SC0100,2026-04-08,App,1,29.81,0.2,23.85
O01029,L02057,SC0100,2026-04-08,App,1,38.01,0.2,30.41
O01030,L02058,SC0100,2026-05-27,Online,1,37.39,0.0,37.39
O01030,L02059,SC0100,2026-05-27,Online,1,33.79,0.0,33.79
O01030,L02060,SC0100,2026-05-27,Online,1,30.31,0.0,30.31
O01031,L02061,SC0100,2026-06-08,Online,1,24.56,0.2,19.65
O01031,L02062,SC0100,2026-06-08,Online,1,25.97,0.2,20.78
O01032,L02063,SC0101,2025-08-24,Online,1,38.92,0.3,27.24
O01033,L02064,SC0101,2025-11-06,Online,1,27.22,0.2,21.78
O01033,L02065,SC0101,2025-11-06,Online,1,39.46,0.2,31.57
O01033,L02066,SC0101,2025-11-06,Online,2,27.04,0.2,43.26
O01034,L02067,SC0101,2026-02-04,Online,2,27.13,0.0,54.26
O01034,L02068,SC0101,2026-02-04,Online,2,26.9,0.0,53.8
O01035,L02069,SC0101,2026-02-10,App,2,33.26,0.25,49.89
O01035,L02070,SC0101,2026-02-10,App,2,36.55,0.25,54.83
O01035,L02071,SC0101,2026-02-10,App,1,26.92,0.25,20.19
O01036,L02072,SC0101,2026-03-27,Online,1,32.42,0.15,27.56
O01036,L02073,SC0101,2026-03-27,Online,2,34.54,0.15,58.72
O01036,L02074,SC0101,2026-03-27,Online,1,37.99,0.15,32.29
O01037,L02075,SC0101,2026-04-13,Store,2,26.96,0.3,37.74
O01037,L02076,SC0101,2026-04-13,Store,2,24.53,0.3,34.34
O01038,L02077,SC0101,2026-05-23,Online,1,22.82,0.0,22.82
O01039,L02078,SC0101,2026-06-19,App,1,26.72,0.0,26.72
O01040,L02079,SC0102,2025-09-18,Online,1,39.14,0.0,39.14
O01041,L02080,SC0102,2025-09-23,Store,2,26.03,0.3,36.44
O01041,L02081,SC0102,2025-09-23,Store,1,37.73,0.3,26.41
O01042,L02082,SC0102,2025-12-01,Store,1,21.5,0.3,15.05
O01043,L02083,SC0102,2026-01-04,Online,1,35.82,0.0,35.82
O01043,L02084,SC0102,2026-01-04,Online,1,23.89,0.0,23.89
O01043,L02085,SC0102,2026-01-04,Online,1,38.27,0.0,38.27
O01044,L02086,SC0102,2026-01-05,Online,1,27.89,0.0,27.89
O01044,L02087,SC0102,2026-01-05,Online,1,32.91,0.0,32.91
O01045,L02088,SC0102,2026-01-10,Online,1,31.84,0.3,22.29
O01045,L02089,SC0102,2026-01-10,Online,1,26.57,0.3,18.6
O01046,L02090,SC0102,2026-01-31,App,1,22.65,0.2,18.12
O01046,L02091,SC0102,2026-01-31,App,1,23.36,0.2,18.69
O01046,L02092,SC0102,2026-01-31,App,1,34.01,0.2,27.21
O01047,L02093,SC0102,2026-02-04,Online,1,33.24,0.25,24.93
O01047,L02094,SC0102,2026-02-04,Online,1,32.44,0.25,24.33
O01048,L02095,SC0102,2026-02-08,Online,1,32.28,0.2,25.82
O01048,L02096,SC0102,2026-02-08,Online,2,23.75,0.2,38.0
O01049,L02097,SC0102,2026-02-19,Online,1,26.49,0.25,19.87
O01049,L02098,SC0102,2026-02-19,Online,1,20.11,0.25,15.08
O01049,L02099,SC0102,2026-02-19,Online,1,29.97,0.25,22.48
O01050,L02100,SC0102,2026-03-01,Store,1,31.62,0.15,26.88
O01051,L02101,SC0102,2026-05-02,Online,1,37.08,0.25,27.81
O01051,L02102,SC0102,2026-05-02,Online,1,39.83,0.25,29.87
O01051,L02103,SC0102,2026-05-02,Online,1,29.39,0.25,22.04
O01052,L02104,SC0102,2026-06-08,App,1,28.54,0.2,22.83
O01052,L02105,SC0102,2026-06-08,App,1,33.6,0.2,26.88
O01053,L02106,SC0103,2025-07-27,App,1,18.09,0.25,13.57
O01054,L02107,SC0103,2025-08-02,Online,1,18.55,0.3,12.99
O01054,L02108,SC0103,2025-08-02,Online,2,27.0,0.3,37.8
O01055,L02109,SC0103,2025-09-16,Online,1,20.1,0.2,16.08
O01056,L02110,SC0103,2025-09-18,App,2,30.42,0.3,42.59
O01056,L02111,SC0103,2025-09-18,App,2,31.07,0.3,43.5
O01056,L02112,SC0103,2025-09-18,App,1,28.75,0.3,20.13
O01057,L02113,SC0103,2025-10-11,Online,1,32.99,0.15,28.04
O01057,L02114,SC0103,2025-10-11,Online,1,37.36,0.15,31.76
O01057,L02115,SC0103,2025-10-11,Online,1,27.16,0.15,23.09
O01058,L02116,SC0103,2025-10-22,App,1,38.2,0.3,26.74
O01058,L02117,SC0103,2025-10-22,App,2,18.29,0.3,25.61
O01059,L02118,SC0103,2025-11-11,Store,2,21.27,0.15,36.16
O01060,L02119,SC0103,2025-12-06,Online,1,27.1,0.3,18.97
O01060,L02120,SC0103,2025-12-06,Online,1,37.01,0.3,25.91
O01061,L02121,SC0103,2025-12-18,Online,1,33.09,0.0,33.09
O01061,L02122,SC0103,2025-12-18,Online,1,26.72,0.0,26.72
O01062,L02123,SC0103,2026-05-16,App,1,31.63,0.25,23.72
O01062,L02124,SC0103,2026-05-16,App,1,33.68,0.25,25.26
O01063,L02125,SC0103,2026-05-18,App,1,33.22,0.3,23.25
O01064,L02126,SC0103,2026-06-09,Store,1,31.72,0.25,23.79
O01065,L02127,SC0104,2025-07-08,Store,1,27.05,0.2,21.64
O01065,L02128,SC0104,2025-07-08,Store,1,33.77,0.2,27.02
O01066,L02129,SC0104,2025-07-15,Store,1,19.31,0.25,14.48
O01066,L02130,SC0104,2025-07-15,Store,1,20.55,0.25,15.41
O01067,L02131,SC0104,2025-08-04,Online,1,19.76,0.2,15.81
O01067,L02132,SC0104,2025-08-04,Online,1,36.93,0.2,29.54
O01067,L02133,SC0104,2025-08-04,Online,1,36.11,0.2,28.89
O01068,L02134,SC0104,2025-08-11,App,1,24.1,0.3,16.87
O01068,L02135,SC0104,2025-08-11,App,1,31.12,0.3,21.78
O01069,L02136,SC0104,2025-08-30,Online,1,18.68,0.0,18.68
O01069,L02137,SC0104,2025-08-30,Online,2,31.95,0.0,63.9
O01069,L02138,SC0104,2025-08-30,Online,1,30.57,0.0,30.57
O01070,L02139,SC0104,2025-11-06,Online,1,37.65,0.0,37.65
O01070,L02140,SC0104,2025-11-06,Online,1,35.41,0.0,35.41
O01071,L02141,SC0104,2025-11-09,Store,1,32.9,0.15,27.97
O01071,L02142,SC0104,2025-11-09,Store,1,21.74,0.15,18.48
O01071,L02143,SC0104,2025-11-09,Store,1,38.26,0.15,32.52
O01072,L02144,SC0104,2025-11-20,Store,1,19.58,0.0,19.58
O01072,L02145,SC0104,2025-11-20,Store,1,18.18,0.0,18.18
O01073,L02146,SC0104,2025-11-23,Online,1,18.96,0.3,13.27
O01074,L02147,SC0104,2025-12-06,App,2,26.24,0.2,41.98
O01074,L02148,SC0104,2025-12-06,App,1,21.88,0.2,17.5
O01074,L02149,SC0104,2025-12-06,App,1,21.04,0.2,16.83
O01075,L02150,SC0104,2026-02-28,App,1,36.59,0.3,25.61
O01075,L02151,SC0104,2026-02-28,App,1,24.29,0.3,17.0
O01076,L02152,SC0104,2026-04-01,Online,2,31.12,0.25,46.68
O01076,L02153,SC0104,2026-04-01,Online,1,35.62,0.25,26.72
O01076,L02154,SC0104,2026-04-01,Online,2,29.59,0.25,44.39
O01077,L02155,SC0104,2026-06-20,Store,1,18.05,0.15,15.34
O01077,L02156,SC0104,2026-06-20,Store,1,26.08,0.15,22.17
O01078,L02157,SC0105,2025-09-09,Store,1,29.25,0.0,29.25
O01079,L02158,SC0105,2025-10-11,Online,2,32.88,0.15,55.9
O01080,L02159,SC0105,2025-11-18,Online,1,39.55,0.0,39.55
O01081,L02160,SC0105,2025-12-19,App,1,39.8,0.3,27.86
O01081,L02161,SC0105,2025-12-19,App,1,21.39,0.3,14.97
O01081,L02162,SC0105,2025-12-19,App,1,18.73,0.3,13.11
O01082,L02163,SC0105,2025-12-29,Online,2,18.11,0.0,36.22
O01082,L02164,SC0105,2025-12-29,Online,2,38.83,0.0,77.66
O01082,L02165,SC0105,2025-12-29,Online,1,33.04,0.0,33.04
O01083,L02166,SC0105,2026-02-04,Store,1,37.19,0.3,26.03
O01083,L02167,SC0105,2026-02-04,Store,1,30.04,0.3,21.03
O01084,L02168,SC0105,2026-02-27,Online,1,38.29,0.15,32.55
O01085,L02169,SC0105,2026-03-09,App,1,34.22,0.0,34.22
O01086,L02170,SC0105,2026-06-02,Online,1,34.6,0.15,29.41
O01086,L02171,SC0105,2026-06-02,Online,1,39.45,0.15,33.53
O01087,L02172,SC0105,2026-06-07,Online,1,21.68,0.0,21.68
O01087,L02173,SC0105,2026-06-07,Online,1,35.21,0.0,35.21
O01087,L02174,SC0105,2026-06-07,Online,1,18.99,0.0,18.99
O01088,L02175,SC0106,2025-07-24,App,2,22.91,0.0,45.82
O01088,L02176,SC0106,2025-07-24,App,1,35.74,0.0,35.74
O01089,L02177,SC0106,2025-07-24,Online,1,36.29,0.0,36.29
O01089,L02178,SC0106,2025-07-24,Online,2,24.96,0.0,49.92
O01090,L02179,SC0106,2025-08-08,App,1,37.24,0.25,27.93
O01090,L02180,SC0106,2025-08-08,App,1,31.16,0.25,23.37
O01090,L02181,SC0106,2025-08-08,App,2,28.7,0.25,43.05
O01091,L02182,SC0106,2025-09-11,Online,2,19.26,0.15,32.74
O01092,L02183,SC0106,2025-09-11,App,2,33.62,0.0,67.24
O01092,L02184,SC0106,2025-09-11,App,1,37.62,0.0,37.62
O01093,L02185,SC0106,2026-05-17,App,1,28.65,0.15,24.35
O01093,L02186,SC0106,2026-05-17,App,1,36.21,0.15,30.78
O01094,L02187,SC0106,2026-06-09,Store,1,38.59,0.2,30.87
O01095,L02188,SC0106,2026-06-17,Online,1,18.25,0.2,14.6
O01095,L02189,SC0106,2026-06-17,Online,1,20.39,0.2,16.31
O01096,L02190,SC0106,2026-06-26,Online,2,20.13,0.25,30.2
O01096,L02191,SC0106,2026-06-26,Online,2,28.93,0.25,43.4
O01096,L02192,SC0106,2026-06-26,Online,1,38.75,0.25,29.06
O01097,L02193,SC0107,2025-07-20,App,1,30.8,0.0,30.8
O01097,L02194,SC0107,2025-07-20,App,1,23.93,0.0,23.93
O01097,L02195,SC0107,2025-07-20,App,2,22.24,0.0,44.48
O01098,L02196,SC0107,2025-08-21,Online,1,33.9,0.15,28.82
O01098,L02197,SC0107,2025-08-21,Online,1,21.0,0.15,17.85
O01099,L02198,SC0107,2025-12-26,Online,1,29.99,0.3,20.99
O01099,L02199,SC0107,2025-12-26,Online,1,34.12,0.3,23.88
O01099,L02200,SC0107,2025-12-26,Online,2,32.72,0.3,45.81
O01100,L02201,SC0107,2026-01-28,Store,2,30.76,0.15,52.29
O01100,L02202,SC0107,2026-01-28,Store,1,26.68,0.15,22.68
O01100,L02203,SC0107,2026-01-28,Store,1,36.69,0.15,31.19
O01101,L02204,SC0107,2026-03-28,Online,2,35.81,0.25,53.72
O01102,L02205,SC0107,2026-05-07,Online,1,31.84,0.2,25.47
O01102,L02206,SC0107,2026-05-07,Online,1,26.19,0.2,20.95
O01103,L02207,SC0107,2026-06-18,App,1,38.31,0.3,26.82
O01104,L02208,SC0107,2026-06-28,Online,1,27.89,0.2,22.31
O01104,L02209,SC0107,2026-06-28,Online,1,39.32,0.2,31.46
O01104,L02210,SC0107,2026-06-28,Online,2,35.71,0.2,57.14
O01105,L02211,SC0108,2025-11-01,Online,1,19.68,0.25,14.76
O01106,L02212,SC0108,2025-11-03,Online,1,19.08,0.3,13.36
O01106,L02213,SC0108,2025-11-03,Online,1,30.23,0.3,21.16
O01107,L02214,SC0108,2026-01-12,App,1,21.08,0.2,16.86
O01108,L02215,SC0108,2026-02-05,Store,1,22.05,0.15,18.74
O01109,L02216,SC0108,2026-02-08,Online,1,30.53,0.25,22.9
O01110,L02217,SC0108,2026-03-22,Store,1,36.53,0.15,31.05
O01110,L02218,SC0108,2026-03-22,Store,1,33.58,0.15,28.54
O01111,L02219,SC0108,2026-06-23,App,1,35.57,0.25,26.68
O01111,L02220,SC0108,2026-06-23,App,2,18.4,0.25,27.6
O01111,L02221,SC0108,2026-06-23,App,1,19.71,0.25,14.78
O01112,L02222,SC0109,2025-07-02,Store,1,21.35,0.0,21.35
O01112,L02223,SC0109,2025-07-02,Store,2,37.36,0.0,74.72
O01112,L02224,SC0109,2025-07-02,Store,1,38.0,0.0,38.0
O01113,L02225,SC0109,2025-08-02,Online,1,36.82,0.25,27.62
O01113,L02226,SC0109,2025-08-02,Online,1,19.66,0.25,14.75
O01114,L02227,SC0109,2025-08-22,Online,1,22.73,0.3,15.91
O01114,L02228,SC0109,2025-08-22,Online,1,36.8,0.3,25.76
O01114,L02229,SC0109,2025-08-22,Online,1,35.48,0.3,24.84
O01115,L02230,SC0109,2025-10-11,Online,1,21.84,0.3,15.29
O01115,L02231,SC0109,2025-10-11,Online,2,33.28,0.3,46.59
O01116,L02232,SC0109,2025-10-27,App,1,29.6,0.3,20.72
O01116,L02233,SC0109,2025-10-27,App,1,34.06,0.3,23.84
O01116,L02234,SC0109,2025-10-27,App,1,34.89,0.3,24.42
O01117,L02235,SC0109,2026-02-24,Online,1,36.23,0.3,25.36
O01117,L02236,SC0109,2026-02-24,Online,1,33.8,0.3,23.66
O01117,L02237,SC0109,2026-02-24,Online,2,18.93,0.3,26.5
O01118,L02238,SC0109,2026-05-05,Online,2,23.59,0.25,35.39
O01119,L02239,SC0109,2026-06-14,Online,1,39.55,0.15,33.62
O01120,L02240,SC0110,2025-09-24,Online,1,27.35,0.0,27.35
O01120,L02241,SC0110,2025-09-24,Online,1,33.76,0.0,33.76
O01121,L02242,SC0110,2025-09-30,Online,1,29.57,0.2,23.66
O01121,L02243,SC0110,2025-09-30,Online,2,21.08,0.2,33.73
O01121,L02244,SC0110,2025-09-30,Online,1,33.52,0.2,26.82
O01122,L02245,SC0110,2025-10-25,Store,2,26.59,0.15,45.2
O01122,L02246,SC0110,2025-10-25,Store,1,19.83,0.15,16.86
O01123,L02247,SC0110,2026-01-20,App,1,30.15,0.15,25.63
O01123,L02248,SC0110,2026-01-20,App,1,24.25,0.15,20.61
O01123,L02249,SC0110,2026-01-20,App,1,28.37,0.15,24.11
O01124,L02250,SC0110,2026-05-04,Store,2,33.51,0.25,50.27
O01125,L02251,SC0110,2026-05-05,App,1,30.46,0.25,22.85
O01125,L02252,SC0110,2026-05-05,App,1,19.93,0.25,14.95
O01125,L02253,SC0110,2026-05-05,App,2,23.7,0.25,35.55
O01126,L02254,SC0110,2026-05-07,Online,1,34.3,0.0,34.3
O01126,L02255,SC0110,2026-05-07,Online,1,25.52,0.0,25.52
O01126,L02256,SC0110,2026-05-07,Online,1,25.48,0.0,25.48
O01127,L02257,SC0110,2026-05-30,Store,1,36.68,0.15,31.18
O01128,L02258,SC0111,2025-07-24,Store,1,36.69,0.25,27.52
O01128,L02259,SC0111,2025-07-24,Store,1,33.86,0.25,25.4
O01129,L02260,SC0111,2025-08-25,App,1,28.78,0.25,21.59
O01129,L02261,SC0111,2025-08-25,App,1,20.85,0.25,15.64
O01129,L02262,SC0111,2025-08-25,App,1,29.29,0.25,21.97
O01130,L02263,SC0111,2025-10-28,Online,2,32.99,0.2,52.78
O01131,L02264,SC0111,2025-11-08,Store,1,22.09,0.2,17.67
O01131,L02265,SC0111,2025-11-08,Store,2,28.11,0.2,44.98
O01131,L02266,SC0111,2025-11-08,Store,1,25.57,0.2,20.46
O01132,L02267,SC0111,2025-11-21,App,1,35.31,0.0,35.31
O01133,L02268,SC0111,2026-02-12,Store,2,36.19,0.15,61.52
O01133,L02269,SC0111,2026-02-12,Store,2,39.11,0.15,66.49
O01134,L02270,SC0111,2026-04-03,Online,1,24.11,0.25,18.08
O01134,L02271,SC0111,2026-04-03,Online,1,26.68,0.25,20.01
O01134,L02272,SC0111,2026-04-03,Online,1,26.61,0.25,19.96
O01135,L02273,SC0111,2026-05-03,Online,2,20.52,0.0,41.04
O01136,L02274,SC0111,2026-05-04,Store,2,29.8,0.0,59.6
O01136,L02275,SC0111,2026-05-04,Store,2,21.27,0.0,42.54
O01136,L02276,SC0111,2026-05-04,Store,1,19.99,0.0,19.99
O01137,L02277,SC0111,2026-05-16,Store,1,20.15,0.2,16.12
O01138,L02278,SC0111,2026-05-16,Store,1,39.88,0.15,33.9
O01139,L02279,SC0111,2026-06-18,App,1,28.25,0.0,28.25
O01140,L02280,SC0112,2025-08-10,Store,1,21.37,0.25,16.03
O01140,L02281,SC0112,2025-08-10,Store,2,19.22,0.25,28.83
O01140,L02282,SC0112,2025-08-10,Store,2,18.77,0.25,28.16
O01141,L02283,SC0112,2025-08-22,Store,1,18.11,0.2,14.49
O01141,L02284,SC0112,2025-08-22,Store,1,27.83,0.2,22.26
O01142,L02285,SC0112,2025-10-05,Online,1,35.0,0.3,24.5
O01142,L02286,SC0112,2025-10-05,Online,2,31.93,0.3,44.7
O01142,L02287,SC0112,2025-10-05,Online,2,30.69,0.3,42.97
O01143,L02288,SC0112,2025-10-05,Online,2,27.3,0.3,38.22
O01144,L02289,SC0112,2025-11-25,App,2,27.99,0.0,55.98
O01144,L02290,SC0112,2025-11-25,App,1,19.59,0.0,19.59
O01145,L02291,SC0112,2026-01-06,App,2,29.0,0.15,49.3
O01145,L02292,SC0112,2026-01-06,App,1,34.63,0.15,29.44
O01145,L02293,SC0112,2026-01-06,App,1,33.57,0.15,28.53
O01146,L02294,SC0112,2026-03-07,Online,2,38.72,0.25,58.08
O01146,L02295,SC0112,2026-03-07,Online,2,20.06,0.25,30.09
O01146,L02296,SC0112,2026-03-07,Online,1,36.72,0.25,27.54
O01147,L02297,SC0112,2026-03-08,Online,2,32.8,0.2,52.48
O01147,L02298,SC0112,2026-03-08,Online,2,39.37,0.2,62.99
O01147,L02299,SC0112,2026-03-08,Online,1,30.84,0.2,24.67
O01148,L02300,SC0112,2026-03-13,Online,2,21.67,0.15,36.84
O01149,L02301,SC0112,2026-04-07,App,1,24.9,0.15,21.17
O01149,L02302,SC0112,2026-04-07,App,1,39.67,0.15,33.72
O01150,L02303,SC0112,2026-05-09,App,1,35.84,0.15,30.46
O01151,L02304,SC0112,2026-06-03,App,1,21.0,0.3,14.7
O01151,L02305,SC0112,2026-06-03,App,1,31.5,0.3,22.05
O01151,L02306,SC0112,2026-06-03,App,2,33.87,0.3,47.42
O01152,L02307,SC0112,2026-06-08,Online,2,26.23,0.2,41.97
O01152,L02308,SC0112,2026-06-08,Online,1,32.16,0.2,25.73
O01152,L02309,SC0112,2026-06-08,Online,1,24.58,0.2,19.66
O01153,L02310,SC0113,2025-07-28,Store,1,36.24,0.15,30.8
O01154,L02311,SC0113,2025-08-02,Online,1,22.26,0.25,16.7
O01154,L02312,SC0113,2025-08-02,Online,1,23.27,0.25,17.45
O01155,L02313,SC0113,2025-08-16,Online,2,28.53,0.25,42.8
O01155,L02314,SC0113,2025-08-16,Online,1,21.47,0.25,16.1
O01156,L02315,SC0113,2025-10-14,Store,2,21.35,0.15,36.3
O01157,L02316,SC0113,2026-03-02,Store,1,35.15,0.3,24.61
O01157,L02317,SC0113,2026-03-02,Store,2,39.95,0.3,55.93
O01157,L02318,SC0113,2026-03-02,Store,1,18.05,0.3,12.64
O01158,L02319,SC0113,2026-04-14,Online,2,23.29,0.0,46.58
O01158,L02320,SC0113,2026-04-14,Online,1,30.79,0.0,30.79
O01159,L02321,SC0113,2026-06-25,Online,2,35.67,0.2,57.07
O01160,L02322,SC0114,2025-12-04,App,1,30.94,0.3,21.66
O01160,L02323,SC0114,2025-12-04,App,1,24.9,0.3,17.43
O01160,L02324,SC0114,2025-12-04,App,1,30.32,0.3,21.22
O01161,L02325,SC0114,2026-01-04,App,2,39.45,0.0,78.9
O01161,L02326,SC0114,2026-01-04,App,1,29.07,0.0,29.07
O01162,L02327,SC0114,2026-01-17,App,1,37.41,0.2,29.93
O01162,L02328,SC0114,2026-01-17,App,2,34.26,0.2,54.82
O01163,L02329,SC0114,2026-01-21,App,2,39.81,0.15,67.68
O01163,L02330,SC0114,2026-01-21,App,1,30.32,0.15,25.77
O01164,L02331,SC0114,2026-03-08,Online,1,37.13,0.2,29.7
O01164,L02332,SC0114,2026-03-08,Online,1,24.26,0.2,19.41
O01164,L02333,SC0114,2026-03-08,Online,1,29.42,0.2,23.54
O01165,L02334,SC0114,2026-04-30,Store,1,24.31,0.2,19.45
O01166,L02335,SC0114,2026-05-11,Online,1,28.36,0.2,22.69
O01166,L02336,SC0114,2026-05-11,Online,1,33.18,0.2,26.54
O01167,L02337,SC0114,2026-06-03,App,2,30.02,0.3,42.03
O01167,L02338,SC0114,2026-06-03,App,1,35.15,0.3,24.61
O01168,L02339,SC0114,2026-06-25,App,1,37.09,0.2,29.67
O01169,L02340,SC0115,2025-07-23,Online,1,25.3,0.25,18.98
O01170,L02341,SC0115,2025-08-05,Online,1,34.61,0.25,25.96
O01170,L02342,SC0115,2025-08-05,Online,1,25.97,0.25,19.48
O01170,L02343,SC0115,2025-08-05,Online,2,21.56,0.25,32.34
O01171,L02344,SC0115,2025-08-22,App,2,31.62,0.3,44.27
O01172,L02345,SC0115,2025-11-21,Online,1,27.49,0.15,23.37
O01172,L02346,SC0115,2025-11-21,Online,1,28.46,0.15,24.19
O01172,L02347,SC0115,2025-11-21,Online,1,38.02,0.15,32.32
O01173,L02348,SC0115,2025-12-05,App,1,28.71,0.25,21.53
O01173,L02349,SC0115,2025-12-05,App,1,29.99,0.25,22.49
O01174,L02350,SC0115,2025-12-09,Online,2,24.5,0.15,41.65
O01174,L02351,SC0115,2025-12-09,Online,1,23.84,0.15,20.26
O01174,L02352,SC0115,2025-12-09,Online,1,27.2,0.15,23.12
O01175,L02353,SC0115,2026-01-02,Online,2,35.27,0.25,52.91
O01175,L02354,SC0115,2026-01-02,Online,2,24.23,0.25,36.35
O01175,L02355,SC0115,2026-01-02,Online,2,26.28,0.25,39.42
O01176,L02356,SC0115,2026-02-01,Online,1,33.4,0.0,33.4
O01176,L02357,SC0115,2026-02-01,Online,2,37.55,0.0,75.1
O01176,L02358,SC0115,2026-02-01,Online,2,36.47,0.0,72.94
O01177,L02359,SC0115,2026-02-02,Store,1,24.67,0.3,17.27
O01177,L02360,SC0115,2026-02-02,Store,1,22.69,0.3,15.88
O01177,L02361,SC0115,2026-02-02,Store,1,29.73,0.3,20.81
O01178,L02362,SC0115,2026-03-13,Store,1,30.86,0.15,26.23
O01178,L02363,SC0115,2026-03-13,Store,1,36.34,0.15,30.89
O01179,L02364,SC0115,2026-06-19,Online,1,35.83,0.3,25.08
O01179,L02365,SC0115,2026-06-19,Online,1,38.4,0.3,26.88
O01179,L02366,SC0115,2026-06-19,Online,2,34.74,0.3,48.64
O01180,L02367,SC0116,2025-09-07,Online,2,30.78,0.3,43.09
O01180,L02368,SC0116,2025-09-07,Online,1,35.12,0.3,24.58
O01180,L02369,SC0116,2025-09-07,Online,1,32.56,0.3,22.79
O01181,L02370,SC0116,2025-12-31,Online,1,27.0,0.15,22.95
O01181,L02371,SC0116,2025-12-31,Online,1,19.64,0.15,16.69
O01182,L02372,SC0116,2026-01-21,Online,1,29.75,0.2,23.8
O01182,L02373,SC0116,2026-01-21,Online,2,27.75,0.2,44.4
O01183,L02374,SC0116,2026-02-06,Store,1,33.24,0.0,33.24
O01184,L02375,SC0116,2026-03-04,App,2,30.98,0.2,49.57
O01185,L02376,SC0116,2026-03-08,Online,2,38.13,0.3,53.38
O01185,L02377,SC0116,2026-03-08,Online,2,18.89,0.3,26.45
O01185,L02378,SC0116,2026-03-08,Online,1,19.12,0.3,13.38
O01186,L02379,SC0116,2026-03-09,Online,1,26.12,0.25,19.59
O01187,L02380,SC0116,2026-04-04,Store,1,28.48,0.15,24.21
O01187,L02381,SC0116,2026-04-04,Store,1,37.18,0.15,31.6
O01187,L02382,SC0116,2026-04-04,Store,2,18.82,0.15,31.99
O01188,L02383,SC0116,2026-04-14,App,2,37.98,0.3,53.17
O01188,L02384,SC0116,2026-04-14,App,1,24.2,0.3,16.94
O01189,L02385,SC0116,2026-04-14,Online,2,20.17,0.25,30.26
O01189,L02386,SC0116,2026-04-14,Online,2,20.76,0.25,31.14
O01189,L02387,SC0116,2026-04-14,Online,1,19.27,0.25,14.45
O01190,L02388,SC0116,2026-05-10,Online,1,23.52,0.2,18.82
O01190,L02389,SC0116,2026-05-10,Online,2,38.81,0.2,62.1
O01191,L02390,SC0116,2026-05-14,Online,2,21.94,0.2,35.1
O01191,L02391,SC0116,2026-05-14,Online,2,38.96,0.2,62.34
O01192,L02392,SC0116,2026-05-23,Store,1,34.96,0.2,27.97
O01192,L02393,SC0116,2026-05-23,Store,1,24.89,0.2,19.91
O01192,L02394,SC0116,2026-05-23,Store,1,19.39,0.2,15.51
O01193,L02395,SC0117,2025-09-22,App,1,29.04,0.25,21.78
O01193,L02396,SC0117,2025-09-22,App,1,29.91,0.25,22.43
O01193,L02397,SC0117,2025-09-22,App,1,19.39,0.25,14.54
O01194,L02398,SC0117,2025-11-22,Store,2,29.05,0.0,58.1
O01195,L02399,SC0117,2026-02-02,Online,1,18.09,0.15,15.38
O01196,L02400,SC0117,2026-03-03,App,2,21.9,0.3,30.66
O01196,L02401,SC0117,2026-03-03,App,1,27.48,0.3,19.24
O01196,L02402,SC0117,2026-03-03,App,1,31.09,0.3,21.76
O01197,L02403,SC0117,2026-03-28,Online,1,30.89,0.3,21.62
O01197,L02404,SC0117,2026-03-28,Online,1,20.2,0.3,14.14
O01197,L02405,SC0117,2026-03-28,Online,1,27.5,0.3,19.25
O01198,L02406,SC0117,2026-05-24,App,2,31.76,0.3,44.46
O01198,L02407,SC0117,2026-05-24,App,1,21.6,0.3,15.12
O01198,L02408,SC0117,2026-05-24,App,1,27.63,0.3,19.34
O01199,L02409,SC0118,2025-07-07,App,2,25.54,0.15,43.42
O01199,L02410,SC0118,2025-07-07,App,2,21.33,0.15,36.26
O01199,L02411,SC0118,2025-07-07,App,2,21.47,0.15,36.5
O01200,L02412,SC0118,2025-07-08,Store,2,38.72,0.15,65.82
O01200,L02413,SC0118,2025-07-08,Store,2,19.5,0.15,33.15
O01201,L02414,SC0118,2025-09-10,App,1,19.36,0.2,15.49
O01201,L02415,SC0118,2025-09-10,App,2,18.33,0.2,29.33
O01202,L02416,SC0118,2025-09-24,Online,1,19.32,0.0,19.32
O01202,L02417,SC0118,2025-09-24,Online,1,20.25,0.0,20.25
O01203,L02418,SC0118,2025-10-30,Store,2,34.68,0.3,48.55
O01203,L02419,SC0118,2025-10-30,Store,1,25.1,0.3,17.57
O01203,L02420,SC0118,2025-10-30,Store,1,26.69,0.3,18.68
O01204,L02421,SC0118,2025-12-27,Store,1,33.87,0.3,23.71
O01204,L02422,SC0118,2025-12-27,Store,1,19.61,0.3,13.73
O01205,L02423,SC0118,2026-01-28,App,2,31.56,0.25,47.34
O01205,L02424,SC0118,2026-01-28,App,1,39.62,0.25,29.72
O01206,L02425,SC0118,2026-02-14,App,1,26.61,0.2,21.29
O01207,L02426,SC0118,2026-03-06,Store,1,35.6,0.15,30.26
O01207,L02427,SC0118,2026-03-06,Store,1,25.46,0.15,21.64
O01207,L02428,SC0118,2026-03-06,Store,2,24.81,0.15,42.18
O01208,L02429,SC0118,2026-03-08,App,2,23.22,0.25,34.83
O01209,L02430,SC0118,2026-06-20,Store,2,21.93,0.25,32.9
O01209,L02431,SC0118,2026-06-20,Store,1,21.7,0.25,16.28
O01210,L02432,SC0119,2025-08-05,App,1,19.87,0.0,19.87
O01210,L02433,SC0119,2025-08-05,App,1,28.73,0.0,28.73
O01211,L02434,SC0119,2025-12-19,Store,1,31.44,0.25,23.58
O01211,L02435,SC0119,2025-12-19,Store,1,24.07,0.25,18.05
O01211,L02436,SC0119,2025-12-19,Store,2,37.23,0.25,55.85
O01212,L02437,SC0119,2026-01-13,Store,2,34.54,0.2,55.26
O01212,L02438,SC0119,2026-01-13,Store,1,38.38,0.2,30.7
O01212,L02439,SC0119,2026-01-13,Store,2,27.06,0.2,43.3
O01213,L02440,SC0119,2026-02-14,Store,2,23.31,0.15,39.63
O01214,L02441,SC0119,2026-03-03,Online,2,28.32,0.2,45.31
O01214,L02442,SC0119,2026-03-03,Online,1,33.54,0.2,26.83
O01214,L02443,SC0119,2026-03-03,Online,1,35.46,0.2,28.37
O01215,L02444,SC0119,2026-04-16,App,1,26.96,0.25,20.22
O01215,L02445,SC0119,2026-04-16,App,1,36.41,0.25,27.31
O01216,L02446,SC0119,2026-04-22,Online,1,30.09,0.2,24.07
O01216,L02447,SC0119,2026-04-22,Online,1,37.18,0.2,29.74
O01217,L02448,SC0119,2026-06-06,App,1,34.44,0.0,34.44
O01217,L02449,SC0119,2026-06-06,App,2,21.25,0.0,42.5
O01218,L02450,SC0119,2026-06-07,Store,1,35.18,0.0,35.18
O01218,L02451,SC0119,2026-06-07,Store,1,33.79,0.0,33.79
O01218,L02452,SC0119,2026-06-07,Store,1,38.22,0.0,38.22
O01219,L02453,SC0120,2025-08-19,Store,1,31.3,0.15,26.61
O01219,L02454,SC0120,2025-08-19,Store,2,39.68,0.15,67.46
O01220,L02455,SC0120,2025-09-09,App,1,31.33,0.15,26.63
O01221,L02456,SC0120,2025-12-07,Online,2,27.99,0.25,41.99
O01221,L02457,SC0120,2025-12-07,Online,1,25.82,0.25,19.37
O01221,L02458,SC0120,2025-12-07,Online,1,38.96,0.25,29.22
O01222,L02459,SC0120,2026-01-16,App,2,22.94,0.0,45.88
O01223,L02460,SC0120,2026-05-05,Store,1,23.34,0.0,23.34
O01223,L02461,SC0120,2026-05-05,Store,1,19.86,0.0,19.86
O01224,L02462,SC0120,2026-05-06,App,1,20.69,0.25,15.52
O01224,L02463,SC0120,2026-05-06,App,2,19.27,0.25,28.91
O01224,L02464,SC0120,2026-05-06,App,2,36.5,0.25,54.75
O01225,L02465,SC0120,2026-05-15,Online,1,26.29,0.3,18.4
O01225,L02466,SC0120,2026-05-15,Online,1,34.68,0.3,24.28
O01226,L02467,SC0120,2026-06-14,Online,1,39.75,0.2,31.8
O01226,L02468,SC0120,2026-06-14,Online,2,25.92,0.2,41.47
O01226,L02469,SC0120,2026-06-14,Online,1,31.87,0.2,25.5
O01227,L02470,SC0121,2025-11-21,Store,1,91.95,0.0,91.95
O01228,L02471,SC0121,2026-02-15,Store,2,86.62,0.0,173.24
O01229,L02472,SC0121,2026-02-15,Store,1,111.46,0.0,111.46
O01230,L02473,SC0121,2026-03-07,Store,2,95.49,0.0,190.98
O01231,L02474,SC0122,2025-11-25,Store,1,73.19,0.0,73.19
O01231,L02475,SC0122,2025-11-25,Store,1,112.88,0.0,112.88
O01232,L02476,SC0122,2025-12-01,Store,1,106.29,0.0,106.29
O01233,L02477,SC0123,2025-11-10,Store,1,76.78,0.0,76.78
O01233,L02478,SC0123,2025-11-10,Store,1,71.09,0.0,71.09
O01234,L02479,SC0123,2025-12-29,Online,1,73.65,0.0,73.65
O01235,L02480,SC0123,2026-01-04,Online,1,108.51,0.0,108.51
O01235,L02481,SC0123,2026-01-04,Online,2,91.0,0.0,182.0
O01236,L02482,SC0123,2026-01-23,Store,1,118.32,0.0,118.32
O01236,L02483,SC0123,2026-01-23,Store,1,86.91,0.0,86.91
O01237,L02484,SC0123,2026-02-05,Store,1,101.54,0.0,101.54
O01238,L02485,SC0124,2025-08-18,Store,2,75.52,0.0,151.04
O01238,L02486,SC0124,2025-08-18,Store,1,112.15,0.0,112.15
O01239,L02487,SC0124,2025-09-15,Store,1,110.82,0.0,110.82
O01239,L02488,SC0124,2025-09-15,Store,1,85.63,0.0,85.63
O01240,L02489,SC0124,2025-09-15,Store,2,114.87,0.0,229.74
O01240,L02490,SC0124,2025-09-15,Store,1,99.17,0.0,99.17
O01241,L02491,SC0124,2025-09-21,Online,1,88.43,0.0,88.43
O01242,L02492,SC0124,2025-11-21,Store,2,115.57,0.0,231.14
O01243,L02493,SC0125,2025-07-13,App,1,94.86,0.0,94.86
O01243,L02494,SC0125,2025-07-13,App,1,114.6,0.0,114.6
O01243,L02495,SC0125,2025-07-13,App,2,72.1,0.0,144.2
O01244,L02496,SC0125,2025-08-25,Store,1,85.41,0.3,59.79
O01244,L02497,SC0125,2025-08-25,Store,2,80.07,0.3,112.1
O01245,L02498,SC0125,2025-09-09,Store,2,100.25,0.0,200.5
O01245,L02499,SC0125,2025-09-09,Store,1,74.45,0.0,74.45
O01246,L02500,SC0125,2025-10-03,App,1,88.38,0.0,88.38
O01246,L02501,SC0125,2025-10-03,App,1,110.62,0.0,110.62
O01246,L02502,SC0125,2025-10-03,App,2,71.76,0.0,143.52
O01247,L02503,SC0125,2025-12-24,Store,1,97.18,0.0,97.18
O01247,L02504,SC0125,2025-12-24,Store,2,98.86,0.0,197.72
O01247,L02505,SC0125,2025-12-24,Store,2,93.23,0.0,186.46
O01248,L02506,SC0126,2025-08-13,Online,2,102.82,0.0,205.64
O01248,L02507,SC0126,2025-08-13,Online,1,112.64,0.0,112.64
O01248,L02508,SC0126,2025-08-13,Online,2,108.61,0.0,217.22
O01249,L02509,SC0126,2025-08-18,Store,1,92.22,0.0,92.22
O01250,L02510,SC0126,2026-01-05,Store,2,112.87,0.0,225.74
O01250,L02511,SC0126,2026-01-05,Store,2,82.97,0.0,165.94
O01250,L02512,SC0126,2026-01-05,Store,1,105.12,0.0,105.12
O01251,L02513,SC0126,2026-01-27,Store,2,70.99,0.0,141.98
O01251,L02514,SC0126,2026-01-27,Store,1,95.47,0.0,95.47
O01251,L02515,SC0126,2026-01-27,Store,2,115.03,0.0,230.06
O01252,L02516,SC0126,2026-02-09,Store,1,97.73,0.0,97.73
O01252,L02517,SC0126,2026-02-09,Store,2,85.89,0.0,171.78
O01252,L02518,SC0126,2026-02-09,Store,2,102.52,0.0,205.04
O01253,L02519,SC0127,2025-12-15,Store,1,73.97,0.0,73.97
O01253,L02520,SC0127,2025-12-15,Store,1,114.54,0.0,114.54
O01253,L02521,SC0127,2025-12-15,Store,2,102.94,0.0,205.88
O01254,L02522,SC0127,2026-01-01,Online,2,80.9,0.0,161.8
O01255,L02523,SC0128,2025-08-15,Store,1,77.64,0.0,77.64
O01255,L02524,SC0128,2025-08-15,Store,2,117.97,0.0,235.94
O01255,L02525,SC0128,2025-08-15,Store,2,85.2,0.0,170.4
O01256,L02526,SC0128,2025-11-03,Store,2,85.68,0.0,171.36
O01256,L02527,SC0128,2025-11-03,Store,1,93.6,0.0,93.6
O01257,L02528,SC0128,2025-11-28,Online,2,116.94,0.0,233.88
O01257,L02529,SC0128,2025-11-28,Online,1,98.83,0.0,98.83
O01257,L02530,SC0128,2025-11-28,Online,1,111.63,0.0,111.63
O01258,L02531,SC0128,2026-01-10,Store,1,89.96,0.0,89.96
O01258,L02532,SC0128,2026-01-10,Store,2,118.26,0.0,236.52
O01258,L02533,SC0128,2026-01-10,Store,2,77.77,0.0,155.54
O01259,L02534,SC0128,2026-01-27,Store,2,80.23,0.25,120.35
O01259,L02535,SC0128,2026-01-27,Store,2,85.32,0.25,127.98
O01259,L02536,SC0128,2026-01-27,Store,1,74.03,0.25,55.52
O01260,L02537,SC0129,2025-08-02,Store,2,119.94,0.0,239.88
O01260,L02538,SC0129,2025-08-02,Store,1,109.32,0.0,109.32
O01261,L02539,SC0129,2025-10-25,Store,2,104.04,0.0,208.08
O01261,L02540,SC0129,2025-10-25,Store,2,114.56,0.0,229.12
O01262,L02541,SC0129,2025-11-05,Online,1,92.23,0.0,92.23
O01262,L02542,SC0129,2025-11-05,Online,2,114.38,0.0,228.76
O01263,L02543,SC0129,2026-01-12,Store,1,87.23,0.0,87.23
O01263,L02544,SC0129,2026-01-12,Store,1,110.74,0.0,110.74
O01263,L02545,SC0129,2026-01-12,Store,1,94.25,0.0,94.25
O01264,L02546,SC0130,2025-10-08,Online,2,81.45,0.2,130.32
O01264,L02547,SC0130,2025-10-08,Online,1,98.89,0.2,79.11
O01265,L02548,SC0130,2025-10-09,Store,1,118.81,0.0,118.81
O01265,L02549,SC0130,2025-10-09,Store,1,85.39,0.0,85.39
O01265,L02550,SC0130,2025-10-09,Store,1,95.63,0.0,95.63
O01266,L02551,SC0130,2025-11-22,Store,2,106.93,0.0,213.86
O01266,L02552,SC0130,2025-11-22,Store,1,78.03,0.0,78.03
O01266,L02553,SC0130,2025-11-22,Store,1,94.72,0.0,94.72
O01267,L02554,SC0130,2025-11-23,App,1,99.52,0.0,99.52
O01267,L02555,SC0130,2025-11-23,App,1,106.27,0.0,106.27
O01268,L02556,SC0131,2025-10-04,App,2,81.94,0.0,163.88
O01269,L02557,SC0131,2025-10-14,Online,1,116.0,0.3,81.2
O01269,L02558,SC0131,2025-10-14,Online,1,84.62,0.3,59.23
O01269,L02559,SC0131,2025-10-14,Online,1,110.47,0.3,77.33
O01270,L02560,SC0131,2025-11-13,Store,2,113.06,0.0,226.12
O01271,L02561,SC0131,2025-12-26,Store,2,110.31,0.15,187.53
O01271,L02562,SC0131,2025-12-26,Store,2,99.09,0.15,168.45
O01271,L02563,SC0131,2025-12-26,Store,1,78.93,0.15,67.09
O01272,L02564,SC0132,2025-07-10,Store,1,76.13,0.0,76.13
O01273,L02565,SC0132,2025-11-11,Store,2,70.12,0.0,140.24
O01274,L02566,SC0132,2025-12-10,Online,1,96.99,0.0,96.99
O01274,L02567,SC0132,2025-12-10,Online,1,99.55,0.0,99.55
O01274,L02568,SC0132,2025-12-10,Online,1,95.45,0.0,95.45
O01275,L02569,SC0132,2025-12-31,Store,2,102.77,0.0,205.54
O01275,L02570,SC0132,2025-12-31,Store,1,117.2,0.0,117.2
O01276,L02571,SC0132,2026-01-26,App,2,109.38,0.0,218.76
O01276,L02572,SC0132,2026-01-26,App,2,115.55,0.0,231.1
O01276,L02573,SC0132,2026-01-26,App,1,76.16,0.0,76.16
O01277,L02574,SC0133,2025-07-30,Store,2,94.04,0.0,188.08
O01277,L02575,SC0133,2025-07-30,Store,1,86.88,0.0,86.88
O01277,L02576,SC0133,2025-07-30,Store,1,107.46,0.0,107.46
O01278,L02577,SC0133,2025-08-15,Store,2,116.79,0.0,233.58
O01278,L02578,SC0133,2025-08-15,Store,1,110.51,0.0,110.51
O01279,L02579,SC0133,2025-12-29,Store,1,72.15,0.3,50.51
O01279,L02580,SC0133,2025-12-29,Store,1,97.36,0.3,68.15
O01280,L02581,SC0133,2026-02-05,Store,1,99.03,0.0,99.03
O01280,L02582,SC0133,2026-02-05,Store,2,104.4,0.0,208.8
O01281,L02583,SC0133,2026-03-01,Store,1,94.26,0.0,94.26
O01282,L02584,SC0134,2025-08-14,Store,2,99.38,0.0,198.76
O01282,L02585,SC0134,2025-08-14,Store,1,116.28,0.0,116.28
O01282,L02586,SC0134,2025-08-14,Store,1,96.88,0.0,96.88
O01283,L02587,SC0134,2025-11-07,Store,1,84.76,0.0,84.76
O01283,L02588,SC0134,2025-11-07,Store,1,116.71,0.0,116.71
O01284,L02589,SC0135,2025-07-27,Store,2,73.11,0.0,146.22
O01284,L02590,SC0135,2025-07-27,Store,1,101.53,0.0,101.53
O01285,L02591,SC0135,2025-08-13,Store,1,86.04,0.0,86.04
O01286,L02592,SC0135,2025-10-07,Store,1,115.6,0.25,86.7
O01287,L02593,SC0135,2025-11-10,Store,2,72.26,0.3,101.16
O01287,L02594,SC0135,2025-11-10,Store,2,76.1,0.3,106.54
O01288,L02595,SC0135,2025-11-12,Store,2,81.39,0.0,162.78
O01289,L02596,SC0136,2025-08-15,Online,1,108.99,0.0,108.99
O01290,L02597,SC0136,2026-01-01,Store,1,94.28,0.0,94.28
O01291,L02598,SC0136,2026-01-11,Store,1,76.75,0.0,76.75
O01292,L02599,SC0136,2026-01-21,App,1,85.8,0.2,68.64
O01293,L02600,SC0136,2026-03-20,Online,1,95.62,0.0,95.62
O01293,L02601,SC0136,2026-03-20,Online,1,118.4,0.0,118.4
O01294,L02602,SC0137,2026-01-25,Store,2,80.93,0.0,161.86
O01294,L02603,SC0137,2026-01-25,Store,1,106.31,0.0,106.31
O01295,L02604,SC0137,2026-02-22,Store,1,101.01,0.0,101.01
O01295,L02605,SC0137,2026-02-22,Store,2,82.28,0.0,164.56
O01295,L02606,SC0137,2026-02-22,Store,1,91.21,0.0,91.21
O01296,L02607,SC0138,2025-09-11,Store,2,99.36,0.0,198.72
O01297,L02608,SC0138,2025-11-21,Store,1,99.08,0.0,99.08
O01297,L02609,SC0138,2025-11-21,Store,1,114.82,0.0,114.82
O01297,L02610,SC0138,2025-11-21,Store,2,103.08,0.0,206.16
O01298,L02611,SC0139,2025-12-26,Store,1,89.76,0.0,89.76
O01299,L02612,SC0139,2026-02-10,Store,1,97.94,0.0,97.94
O01299,L02613,SC0139,2026-02-10,Store,1,74.2,0.0,74.2
O01300,L02614,SC0140,2025-09-15,Store,1,104.47,0.0,104.47
O01300,L02615,SC0140,2025-09-15,Store,1,89.54,0.0,89.54
O01301,L02616,SC0140,2025-09-19,Store,1,93.18,0.0,93.18
O01302,L02617,SC0140,2025-11-08,Store,1,91.91,0.0,91.91
O01303,L02618,SC0141,2025-11-30,Store,1,82.5,0.0,82.5
O01303,L02619,SC0141,2025-11-30,Store,2,100.89,0.0,201.78
O01303,L02620,SC0141,2025-11-30,Store,1,74.07,0.0,74.07
O01304,L02621,SC0141,2026-01-27,Store,2,93.31,0.0,186.62
O01304,L02622,SC0141,2026-01-27,Store,1,99.18,0.0,99.18
O01304,L02623,SC0141,2026-01-27,Store,2,72.57,0.0,145.14
O01305,L02624,SC0141,2026-02-04,Store,2,105.1,0.0,210.2
O01305,L02625,SC0141,2026-02-04,Store,1,87.91,0.0,87.91
O01306,L02626,SC0142,2025-09-10,Online,1,95.91,0.0,95.91
O01306,L02627,SC0142,2025-09-10,Online,2,77.1,0.0,154.2
O01306,L02628,SC0142,2025-09-10,Online,1,98.57,0.0,98.57
O01307,L02629,SC0142,2025-09-29,Store,1,88.32,0.0,88.32
O01307,L02630,SC0142,2025-09-29,Store,1,96.05,0.0,96.05
O01307,L02631,SC0142,2025-09-29,Store,1,92.27,0.0,92.27
O01308,L02632,SC0142,2026-03-07,Store,1,84.17,0.3,58.92
O01309,L02633,SC0143,2025-09-21,Online,2,74.03,0.0,148.06
O01310,L02634,SC0143,2025-11-23,Store,1,73.42,0.0,73.42
O01310,L02635,SC0143,2025-11-23,Store,1,97.13,0.0,97.13
O01311,L02636,SC0143,2026-01-21,Online,2,79.61,0.3,111.45
O01311,L02637,SC0143,2026-01-21,Online,1,72.72,0.3,50.9
O01312,L02638,SC0144,2025-10-01,Store,2,102.59,0.0,205.18
O01312,L02639,SC0144,2025-10-01,Store,2,94.39,0.0,188.78
O01313,L02640,SC0144,2026-02-09,Store,2,117.32,0.0,234.64
O01313,L02641,SC0144,2026-02-09,Store,2,79.22,0.0,158.44
O01314,L02642,SC0145,2025-07-06,Store,1,88.83,0.0,88.83
O01314,L02643,SC0145,2025-07-06,Store,1,103.95,0.0,103.95
O01314,L02644,SC0145,2025-07-06,Store,2,87.5,0.0,175.0
O01315,L02645,SC0145,2025-10-08,Store,1,90.59,0.0,90.59
O01316,L02646,SC0145,2025-11-02,Store,1,74.99,0.0,74.99
O01316,L02647,SC0145,2025-11-02,Store,2,71.38,0.0,142.76
O01317,L02648,SC0146,2025-08-27,Store,2,100.79,0.3,141.11
O01318,L02649,SC0146,2025-12-03,Store,1,74.13,0.0,74.13
O01318,L02650,SC0146,2025-12-03,Store,2,114.59,0.0,229.18
O01319,L02651,SC0146,2025-12-09,Store,2,71.83,0.15,122.11
O01319,L02652,SC0146,2025-12-09,Store,2,91.11,0.15,154.89
O01320,L02653,SC0147,2025-07-30,Store,1,83.08,0.0,83.08
O01320,L02654,SC0147,2025-07-30,Store,1,78.69,0.0,78.69
O01321,L02655,SC0147,2025-11-12,Store,2,80.1,0.0,160.2
O01322,L02656,SC0147,2026-01-05,Store,1,107.77,0.3,75.44
O01322,L02657,SC0147,2026-01-05,Store,2,103.28,0.3,144.59
O01322,L02658,SC0147,2026-01-05,Store,1,110.91,0.3,77.64
O01323,L02659,SC0148,2025-08-02,Store,1,80.98,0.0,80.98
O01323,L02660,SC0148,2025-08-02,Store,1,106.16,0.0,106.16
O01323,L02661,SC0148,2025-08-02,Store,1,85.72,0.0,85.72
O01324,L02662,SC0148,2025-11-03,Store,1,116.51,0.0,116.51
O01325,L02663,SC0148,2025-12-12,Store,1,78.08,0.0,78.08
O01325,L02664,SC0148,2025-12-12,Store,1,78.16,0.0,78.16
O01325,L02665,SC0148,2025-12-12,Store,2,105.73,0.0,211.46
O01326,L02666,SC0148,2026-02-13,Store,2,87.86,0.0,175.72
O01326,L02667,SC0148,2026-02-13,Store,1,74.67,0.0,74.67
O01326,L02668,SC0148,2026-02-13,Store,1,116.69,0.0,116.69
O01327,L02669,SC0149,2025-08-01,Store,2,70.19,0.0,140.38
O01327,L02670,SC0149,2025-08-01,Store,2,73.23,0.0,146.46
O01327,L02671,SC0149,2025-08-01,Store,1,73.52,0.0,73.52
O01328,L02672,SC0149,2025-11-24,Store,1,70.62,0.15,60.03
O01329,L02673,SC0150,2025-10-16,Store,1,79.04,0.0,79.04
O01330,L02674,SC0150,2025-12-17,Store,1,119.28,0.0,119.28
O01330,L02675,SC0150,2025-12-17,Store,2,114.63,0.0,229.26
O01330,L02676,SC0150,2025-12-17,Store,1,86.99,0.0,86.99
O01331,L02677,SC0150,2026-02-08,Store,1,116.3,0.0,116.3
O01331,L02678,SC0150,2026-02-08,Store,1,110.85,0.0,110.85
O01331,L02679,SC0150,2026-02-08,Store,1,72.76,0.0,72.76
O01332,L02680,SC0150,2026-03-03,Store,1,90.01,0.0,90.01
O01332,L02681,SC0150,2026-03-03,Store,2,83.76,0.0,167.52
O01332,L02682,SC0150,2026-03-03,Store,1,91.59,0.0,91.59
O01333,L02683,SC0150,2026-03-08,Store,1,107.72,0.0,107.72
O01333,L02684,SC0150,2026-03-08,Store,1,77.66,0.0,77.66
O01334,L02685,SC0151,2025-08-15,Store,1,109.18,0.0,109.18
O01335,L02686,SC0151,2025-10-30,Store,1,100.85,0.0,100.85
O01335,L02687,SC0151,2025-10-30,Store,1,102.27,0.0,102.27
O01336,L02688,SC0151,2025-11-14,Store,1,119.29,0.0,119.29
O01337,L02689,SC0151,2026-01-13,App,1,104.28,0.3,73.0
O01337,L02690,SC0151,2026-01-13,App,1,70.09,0.3,49.06
O01337,L02691,SC0151,2026-01-13,App,1,94.91,0.3,66.44
O01338,L02692,SC0152,2025-07-09,Store,2,81.47,0.0,162.94
O01339,L02693,SC0152,2025-07-25,Store,1,90.13,0.0,90.13
O01339,L02694,SC0152,2025-07-25,Store,2,105.98,0.0,211.96
O01339,L02695,SC0152,2025-07-25,Store,1,108.4,0.0,108.4
O01340,L02696,SC0152,2025-11-23,Store,1,88.31,0.0,88.31
O01340,L02697,SC0152,2025-11-23,Store,1,101.68,0.0,101.68
O01341,L02698,SC0153,2025-07-18,Store,2,111.79,0.3,156.51
O01342,L02699,SC0153,2025-09-23,Store,1,82.13,0.0,82.13
O01343,L02700,SC0153,2025-10-12,Store,1,95.93,0.0,95.93
O01344,L02701,SC0153,2025-12-05,Store,1,73.11,0.0,73.11
O01344,L02702,SC0153,2025-12-05,Store,2,114.84,0.0,229.68
O01344,L02703,SC0153,2025-12-05,Store,1,115.66,0.0,115.66
O01345,L02704,SC0153,2026-02-25,Store,1,108.22,0.0,108.22
O01345,L02705,SC0153,2026-02-25,Store,1,92.52,0.0,92.52
O01345,L02706,SC0153,2026-02-25,Store,2,119.62,0.0,239.24
O01346,L02707,SC0154,2025-08-19,Store,2,115.46,0.0,230.92
O01346,L02708,SC0154,2025-08-19,Store,2,89.31,0.0,178.62
O01346,L02709,SC0154,2025-08-19,Store,1,74.09,0.0,74.09
O01347,L02710,SC0154,2025-08-22,Store,1,102.57,0.0,102.57
O01347,L02711,SC0154,2025-08-22,Store,1,117.0,0.0,117.0
O01347,L02712,SC0154,2025-08-22,Store,2,90.11,0.0,180.22
O01348,L02713,SC0154,2025-09-05,Store,1,94.68,0.0,94.68
O01348,L02714,SC0154,2025-09-05,Store,1,97.45,0.0,97.45
O01349,L02715,SC0154,2025-09-09,Online,1,80.49,0.0,80.49
O01349,L02716,SC0154,2025-09-09,Online,1,74.95,0.0,74.95
O01349,L02717,SC0154,2025-09-09,Online,1,104.93,0.0,104.93
O01350,L02718,SC0154,2025-12-13,Store,1,98.98,0.0,98.98
O01351,L02719,SC0155,2025-08-21,Store,1,84.96,0.0,84.96
O01351,L02720,SC0155,2025-08-21,Store,1,75.16,0.0,75.16
O01351,L02721,SC0155,2025-08-21,Store,2,80.38,0.0,160.76
O01352,L02722,SC0155,2025-09-07,Online,1,112.87,0.0,112.87
O01352,L02723,SC0155,2025-09-07,Online,1,102.84,0.0,102.84
O01352,L02724,SC0155,2025-09-07,Online,1,77.32,0.0,77.32
O01353,L02725,SC0155,2025-12-02,Store,1,117.81,0.0,117.81
O01353,L02726,SC0155,2025-12-02,Store,1,85.54,0.0,85.54
O01354,L02727,SC0155,2026-03-12,App,1,98.86,0.0,98.86
O01354,L02728,SC0155,2026-03-12,App,1,114.69,0.0,114.69
O01355,L02729,SC0156,2025-07-04,Store,1,115.4,0.0,115.4
O01356,L02730,SC0156,2025-09-07,Store,1,85.64,0.0,85.64
O01356,L02731,SC0156,2025-09-07,Store,1,110.16,0.0,110.16
O01357,L02732,SC0156,2025-10-20,Store,1,77.49,0.0,77.49
O01357,L02733,SC0156,2025-10-20,Store,1,118.3,0.0,118.3
O01358,L02734,SC0156,2025-12-01,Store,1,82.1,0.0,82.1
O01358,L02735,SC0156,2025-12-01,Store,1,79.41,0.0,79.41
O01359,L02736,SC0157,2025-09-06,Online,1,77.8,0.15,66.13
O01359,L02737,SC0157,2025-09-06,Online,1,89.84,0.15,76.36
O01359,L02738,SC0157,2025-09-06,Online,1,78.94,0.15,67.1
O01360,L02739,SC0157,2025-11-09,Store,1,93.78,0.0,93.78
O01360,L02740,SC0157,2025-11-09,Store,2,91.03,0.0,182.06
O01360,L02741,SC0157,2025-11-09,Store,1,73.0,0.0,73.0
O01361,L02742,SC0157,2025-11-19,App,2,105.75,0.0,211.5
O01361,L02743,SC0157,2025-11-19,App,1,90.53,0.0,90.53
O01362,L02744,SC0157,2025-12-10,Store,1,119.92,0.0,119.92
O01362,L02745,SC0157,2025-12-10,Store,1,90.66,0.0,90.66
O01363,L02746,SC0157,2026-02-10,Store,1,105.04,0.0,105.04
O01363,L02747,SC0157,2026-02-10,Store,2,75.3,0.0,150.6
O01364,L02748,SC0158,2025-07-02,Online,1,108.99,0.0,108.99
O01365,L02749,SC0158,2025-08-04,App,1,81.61,0.0,81.61
O01365,L02750,SC0158,2025-08-04,App,2,80.71,0.0,161.42
O01365,L02751,SC0158,2025-08-04,App,1,105.05,0.0,105.05
O01366,L02752,SC0158,2025-09-21,Store,2,76.18,0.0,152.36
O01366,L02753,SC0158,2025-09-21,Store,1,90.86,0.0,90.86
O01366,L02754,SC0158,2025-09-21,Store,2,94.66,0.0,189.32
O01367,L02755,SC0158,2025-10-16,Online,2,116.56,0.25,174.84
O01367,L02756,SC0158,2025-10-16,Online,2,71.89,0.25,107.84
O01367,L02757,SC0158,2025-10-16,Online,1,119.61,0.25,89.71
O01368,L02758,SC0158,2025-11-26,Store,1,105.55,0.0,105.55
O01368,L02759,SC0158,2025-11-26,Store,1,80.75,0.0,80.75
O01369,L02760,SC0159,2025-10-02,Online,1,108.11,0.0,108.11
O01370,L02761,SC0159,2025-12-20,Store,2,84.84,0.0,169.68
O01371,L02762,SC0160,2025-09-02,Store,2,94.94,0.0,189.88
O01371,L02763,SC0160,2025-09-02,Store,1,102.77,0.0,102.77
O01371,L02764,SC0160,2025-09-02,Store,1,99.92,0.0,99.92
O01372,L02765,SC0160,2025-09-28,Online,1,77.92,0.0,77.92
O01372,L02766,SC0160,2025-09-28,Online,1,79.45,0.0,79.45
O01372,L02767,SC0160,2025-09-28,Online,1,103.92,0.0,103.92
O01373,L02768,SC0160,2026-01-28,Store,1,117.7,0.3,82.39
O01374,L02769,SC0161,2025-09-24,Store,2,108.78,0.0,217.56
O01375,L02770,SC0161,2026-02-13,Store,1,103.23,0.0,103.23
O01375,L02771,SC0161,2026-02-13,Store,1,103.7,0.0,103.7
O01375,L02772,SC0161,2026-02-13,Store,1,95.63,0.0,95.63
O01376,L02773,SC0161,2026-03-06,Store,2,81.44,0.0,162.88
O01376,L02774,SC0161,2026-03-06,Store,2,84.27,0.0,168.54
O01377,L02775,SC0162,2025-07-08,Store,1,80.89,0.0,80.89
O01377,L02776,SC0162,2025-07-08,Store,1,106.63,0.0,106.63
O01378,L02777,SC0162,2025-07-31,Store,1,97.13,0.0,97.13
O01378,L02778,SC0162,2025-07-31,Store,1,95.18,0.0,95.18
O01379,L02779,SC0162,2025-08-11,Store,2,87.31,0.0,174.62
O01379,L02780,SC0162,2025-08-11,Store,2,106.98,0.0,213.96
O01379,L02781,SC0162,2025-08-11,Store,1,86.34,0.0,86.34
O01380,L02782,SC0162,2025-11-03,Store,1,77.9,0.0,77.9
O01380,L02783,SC0162,2025-11-03,Store,1,73.98,0.0,73.98
O01381,L02784,SC0162,2026-01-17,Store,2,98.37,0.15,167.23
O01381,L02785,SC0162,2026-01-17,Store,1,83.88,0.15,71.3
O01382,L02786,SC0163,2025-08-12,Store,1,118.86,0.0,118.86
O01383,L02787,SC0163,2025-09-28,Store,1,90.14,0.0,90.14
O01383,L02788,SC0163,2025-09-28,Store,1,100.47,0.0,100.47
O01383,L02789,SC0163,2025-09-28,Store,2,74.38,0.0,148.76
O01384,L02790,SC0163,2025-12-16,Store,1,71.95,0.0,71.95
O01384,L02791,SC0163,2025-12-16,Store,1,72.9,0.0,72.9
O01384,L02792,SC0163,2025-12-16,Store,1,77.89,0.0,77.89
O01385,L02793,SC0164,2025-10-15,Store,1,100.07,0.25,75.05
O01385,L02794,SC0164,2025-10-15,Store,1,88.82,0.25,66.62
O01385,L02795,SC0164,2025-10-15,Store,1,109.2,0.25,81.9
O01386,L02796,SC0164,2025-12-19,Store,2,71.75,0.0,143.5
O01387,L02797,SC0164,2026-01-22,Store,1,75.62,0.0,75.62
O01388,L02798,SC0165,2025-10-16,Store,1,92.13,0.0,92.13
O01388,L02799,SC0165,2025-10-16,Store,1,90.38,0.0,90.38
O01388,L02800,SC0165,2025-10-16,Store,1,117.15,0.0,117.15
O01389,L02801,SC0165,2025-12-15,Store,2,108.06,0.0,216.12
O01389,L02802,SC0165,2025-12-15,Store,1,70.86,0.0,70.86
O01389,L02803,SC0165,2025-12-15,Store,1,117.96,0.0,117.96
O01390,L02804,SC0165,2025-12-23,Store,1,116.71,0.0,116.71
O01390,L02805,SC0165,2025-12-23,Store,1,113.93,0.0,113.93
O01391,L02806,SC0165,2026-01-28,Online,1,107.02,0.0,107.02
O01391,L02807,SC0165,2026-01-28,Online,1,85.9,0.0,85.9
O01392,L02808,SC0165,2026-02-27,Store,2,89.84,0.0,179.68
O01393,L02809,SC0166,2025-07-16,Store,2,106.41,0.0,212.82
O01393,L02810,SC0166,2025-07-16,Store,1,94.29,0.0,94.29
O01393,L02811,SC0166,2025-07-16,Store,1,84.78,0.0,84.78
O01394,L02812,SC0166,2025-08-22,Store,2,75.73,0.3,106.02
O01394,L02813,SC0166,2025-08-22,Store,1,105.91,0.3,74.14
O01394,L02814,SC0166,2025-08-22,Store,1,87.63,0.3,61.34
O01395,L02815,SC0166,2025-11-17,Store,1,111.55,0.0,111.55
O01395,L02816,SC0166,2025-11-17,Store,1,82.29,0.0,82.29
O01396,L02817,SC0167,2025-09-20,Online,1,77.58,0.0,77.58
O01396,L02818,SC0167,2025-09-20,Online,1,106.15,0.0,106.15
O01397,L02819,SC0167,2025-10-27,Store,1,118.41,0.0,118.41
O01397,L02820,SC0167,2025-10-27,Store,2,108.42,0.0,216.84
O01397,L02821,SC0167,2025-10-27,Store,2,82.47,0.0,164.94
O01398,L02822,SC0167,2026-02-13,Store,1,79.95,0.0,79.95
O01398,L02823,SC0167,2026-02-13,Store,1,114.52,0.0,114.52
O01399,L02824,SC0168,2025-09-05,Store,1,115.68,0.0,115.68
O01400,L02825,SC0168,2026-01-21,Store,1,77.83,0.0,77.83
O01400,L02826,SC0168,2026-01-21,Store,2,93.86,0.0,187.72
O01400,L02827,SC0168,2026-01-21,Store,1,119.83,0.0,119.83
O01401,L02828,SC0169,2025-08-06,Store,1,97.78,0.0,97.78
O01401,L02829,SC0169,2025-08-06,Store,1,80.92,0.0,80.92
O01401,L02830,SC0169,2025-08-06,Store,1,90.44,0.0,90.44
O01402,L02831,SC0169,2025-12-10,Online,1,84.48,0.0,84.48
O01403,L02832,SC0170,2025-08-13,Store,1,110.36,0.0,110.36
O01404,L02833,SC0170,2025-08-15,Store,2,119.79,0.0,239.58
O01405,L02834,SC0170,2025-09-17,Store,2,114.42,0.0,228.84
O01405,L02835,SC0170,2025-09-17,Store,2,115.46,0.0,230.92
O01405,L02836,SC0170,2025-09-17,Store,2,81.89,0.0,163.78
O01406,L02837,SC0170,2025-12-15,Store,1,107.84,0.0,107.84
O01406,L02838,SC0170,2025-12-15,Store,1,80.94,0.0,80.94
O01407,L02839,SC0170,2026-02-28,Store,2,105.36,0.0,210.72
O01407,L02840,SC0170,2026-02-28,Store,2,98.44,0.0,196.88
O01408,L02841,SC0171,2025-11-13,Store,1,116.32,0.0,116.32
O01409,L02842,SC0171,2025-11-19,Store,1,88.46,0.0,88.46
O01409,L02843,SC0171,2025-11-19,Store,1,104.31,0.0,104.31
O01410,L02844,SC0172,2025-09-02,Store,2,107.67,0.0,215.34
O01410,L02845,SC0172,2025-09-02,Store,1,70.31,0.0,70.31
O01410,L02846,SC0172,2025-09-02,Store,1,98.24,0.0,98.24
O01411,L02847,SC0172,2025-09-15,Store,1,114.97,0.2,91.98
O01411,L02848,SC0172,2025-09-15,Store,1,103.38,0.2,82.7
O01412,L02849,SC0172,2025-12-02,Store,1,108.91,0.0,108.91
O01412,L02850,SC0172,2025-12-02,Store,2,93.16,0.0,186.32
O01413,L02851,SC0172,2026-03-06,Store,1,109.04,0.0,109.04
O01413,L02852,SC0172,2026-03-06,Store,1,76.63,0.0,76.63
O01413,L02853,SC0172,2026-03-06,Store,2,104.75,0.0,209.5
O01414,L02854,SC0173,2025-08-31,Store,1,91.12,0.0,91.12
O01414,L02855,SC0173,2025-08-31,Store,1,93.87,0.0,93.87
O01415,L02856,SC0173,2026-02-22,Store,1,88.6,0.0,88.6
O01415,L02857,SC0173,2026-02-22,Store,1,114.27,0.0,114.27
O01416,L02858,SC0173,2026-03-07,Store,2,71.32,0.0,142.64
O01416,L02859,SC0173,2026-03-07,Store,1,111.09,0.0,111.09
O01417,L02860,SC0174,2025-08-01,App,1,92.46,0.0,92.46
O01417,L02861,SC0174,2025-08-01,App,1,71.64,0.0,71.64
O01417,L02862,SC0174,2025-08-01,App,1,97.65,0.0,97.65
O01418,L02863,SC0174,2026-02-20,Store,1,98.03,0.0,98.03
O01418,L02864,SC0174,2026-02-20,Store,1,97.75,0.0,97.75
O01418,L02865,SC0174,2026-02-20,Store,1,110.78,0.0,110.78
O01419,L02866,SC0175,2025-08-24,Store,2,81.23,0.0,162.46
O01419,L02867,SC0175,2025-08-24,Store,1,108.59,0.0,108.59
O01419,L02868,SC0175,2025-08-24,Store,2,86.4,0.0,172.8
O01420,L02869,SC0175,2025-09-03,Store,1,115.67,0.0,115.67
O01420,L02870,SC0175,2025-09-03,Store,1,93.94,0.0,93.94
O01421,L02871,SC0175,2025-10-27,Store,1,90.25,0.0,90.25
O01421,L02872,SC0175,2025-10-27,Store,1,119.43,0.0,119.43
O01422,L02873,SC0175,2026-02-07,Online,2,112.39,0.0,224.78
O01423,L02874,SC0176,2025-09-07,Store,2,111.19,0.0,222.38
O01424,L02875,SC0176,2026-03-09,Online,1,112.65,0.0,112.65
O01424,L02876,SC0176,2026-03-09,Online,2,95.28,0.0,190.56
O01424,L02877,SC0176,2026-03-09,Online,2,92.22,0.0,184.44
O01425,L02878,SC0177,2025-08-03,Store,1,113.01,0.0,113.01
O01425,L02879,SC0177,2025-08-03,Store,1,102.98,0.0,102.98
O01426,L02880,SC0177,2025-09-06,Store,1,88.43,0.0,88.43
O01426,L02881,SC0177,2025-09-06,Store,1,80.94,0.0,80.94
O01426,L02882,SC0177,2025-09-06,Store,2,104.04,0.0,208.08
O01427,L02883,SC0177,2025-12-29,Store,2,74.23,0.25,111.35
O01427,L02884,SC0177,2025-12-29,Store,1,105.26,0.25,78.95
O01428,L02885,SC0178,2025-07-04,Store,2,95.57,0.0,191.14
O01429,L02886,SC0178,2025-08-11,Online,2,91.53,0.0,183.06
O01430,L02887,SC0178,2026-03-22,Store,1,110.36,0.0,110.36
O01430,L02888,SC0178,2026-03-22,Store,1,117.55,0.0,117.55
O01431,L02889,SC0179,2025-09-01,Store,2,104.58,0.0,209.16
O01431,L02890,SC0179,2025-09-01,Store,1,110.41,0.0,110.41
O01432,L02891,SC0179,2025-09-20,App,1,95.47,0.2,76.38
O01433,L02892,SC0179,2025-11-25,Store,1,75.71,0.0,75.71
O01433,L02893,SC0179,2025-11-25,Store,1,94.14,0.0,94.14
O01433,L02894,SC0179,2025-11-25,Store,1,83.27,0.0,83.27
O01434,L02895,SC0179,2026-02-03,Store,2,82.18,0.0,164.36
O01434,L02896,SC0179,2026-02-03,Store,2,80.11,0.0,160.22
O01434,L02897,SC0179,2026-02-03,Store,1,89.27,0.0,89.27
O01435,L02898,SC0180,2025-09-01,Store,1,101.29,0.0,101.29
O01435,L02899,SC0180,2025-09-01,Store,2,113.97,0.0,227.94
O01436,L02900,SC0180,2025-09-07,Store,1,81.54,0.0,81.54
O01436,L02901,SC0180,2025-09-07,Store,1,84.22,0.0,84.22
O01436,L02902,SC0180,2025-09-07,Store,1,112.0,0.0,112.0
O01437,L02903,SC0180,2025-12-02,Online,2,80.8,0.0,161.6
O01438,L02904,SC0180,2025-12-08,Store,2,77.21,0.0,154.42
O01438,L02905,SC0180,2025-12-08,Store,1,117.1,0.0,117.1
O01439,L02906,SC0181,2026-06-15,App,1,48.25,0.0,48.25
O01439,L02907,SC0181,2026-06-15,App,2,44.07,0.0,88.14
O01440,L02908,SC0182,2026-06-03,Online,2,53.26,0.2,85.22
O01440,L02909,SC0182,2026-06-03,Online,2,23.23,0.2,37.17
O01440,L02910,SC0182,2026-06-03,Online,2,45.65,0.2,73.04
O01441,L02911,SC0182,2026-06-12,App,1,30.77,0.15,26.15
O01441,L02912,SC0182,2026-06-12,App,2,30.23,0.15,51.39
O01442,L02913,SC0183,2026-06-22,App,1,48.37,0.25,36.28
O01442,L02914,SC0183,2026-06-22,App,2,26.08,0.25,39.12
O01442,L02915,SC0183,2026-06-22,App,1,34.15,0.25,25.61
O01443,L02916,SC0184,2026-06-19,App,2,37.96,0.0,75.92
O01443,L02917,SC0184,2026-06-19,App,2,40.15,0.0,80.3
O01444,L02918,SC0185,2026-06-27,Online,1,41.6,0.0,41.6
O01444,L02919,SC0185,2026-06-27,Online,2,44.59,0.0,89.18
O01445,L02920,SC0186,2026-06-24,Store,1,48.1,0.0,48.1
O01445,L02921,SC0186,2026-06-24,Store,1,35.64,0.0,35.64
O01446,L02922,SC0187,2026-06-18,Online,1,28.03,0.0,28.03
O01446,L02923,SC0187,2026-06-18,Online,1,34.64,0.0,34.64
O01446,L02924,SC0187,2026-06-18,Online,2,53.39,0.0,106.78
O01447,L02925,SC0188,2026-06-19,App,2,52.06,0.0,104.12
O01447,L02926,SC0188,2026-06-19,App,1,48.26,0.0,48.26
O01448,L02927,SC0189,2026-05-07,Store,2,50.37,0.3,70.52
O01448,L02928,SC0189,2026-05-07,Store,2,24.38,0.3,34.13
O01449,L02929,SC0189,2026-06-11,App,1,40.88,0.0,40.88
O01449,L02930,SC0189,2026-06-11,App,2,31.14,0.0,62.28
O01449,L02931,SC0189,2026-06-11,App,1,43.32,0.0,43.32
O01450,L02932,SC0190,2026-06-29,Online,2,24.09,0.0,48.18
O01450,L02933,SC0190,2026-06-29,Online,1,29.53,0.0,29.53
O01451,L02934,SC0191,2026-06-12,App,1,33.99,0.25,25.49
O01451,L02935,SC0191,2026-06-12,App,1,39.78,0.25,29.84
O01452,L02936,SC0191,2026-06-12,App,1,22.28,0.0,22.28
O01453,L02937,SC0192,2026-04-19,Store,1,36.0,0.3,25.2
O01453,L02938,SC0192,2026-04-19,Store,1,22.83,0.3,15.98
O01453,L02939,SC0192,2026-04-19,Store,2,41.15,0.3,57.61
O01454,L02940,SC0192,2026-06-18,App,1,50.91,0.25,38.18
O01455,L02941,SC0193,2026-06-23,App,2,37.2,0.2,59.52
O01455,L02942,SC0193,2026-06-23,App,1,44.09,0.2,35.27
O01456,L02943,SC0193,2026-06-28,Online,2,23.15,0.0,46.3
O01456,L02944,SC0193,2026-06-28,Online,1,22.08,0.0,22.08
O01457,L02945,SC0194,2026-05-12,App,2,41.55,0.0,83.1
O01458,L02946,SC0194,2026-06-11,Store,1,31.39,0.3,21.97
O01459,L02947,SC0195,2026-06-12,App,2,44.17,0.0,88.34
O01460,L02948,SC0195,2026-06-29,App,1,41.06,0.2,32.85
O01460,L02949,SC0195,2026-06-29,App,1,44.72,0.2,35.78
O01461,L02950,SC0196,2026-06-13,App,1,24.68,0.0,24.68
O01461,L02951,SC0196,2026-06-13,App,1,32.2,0.0,32.2
O01462,L02952,SC0197,2026-06-26,Online,2,48.03,0.0,96.06
O01463,L02953,SC0198,2026-06-26,Store,1,45.27,0.0,45.27
O01463,L02954,SC0198,2026-06-26,Store,1,41.64,0.0,41.64
O01463,L02955,SC0198,2026-06-26,Store,2,54.31,0.0,108.62
O01464,L02956,SC0199,2026-05-06,Online,1,31.86,0.15,27.08
O01464,L02957,SC0199,2026-05-06,Online,1,37.92,0.15,32.23
O01465,L02958,SC0199,2026-06-21,App,2,31.17,0.0,62.34
O01466,L02959,SC0200,2026-06-25,Online,1,27.1,0.0,27.1
O01466,L02960,SC0200,2026-06-25,Online,1,40.5,0.0,40.5
O01467,L02961,SC0201,2026-06-12,App,2,28.66,0.0,57.32
O01468,L02962,SC0202,2026-06-15,Online,1,50.52,0.0,50.52
O01468,L02963,SC0202,2026-06-15,Online,1,37.96,0.0,37.96
O01469,L02964,SC0202,2026-06-27,Store,1,50.0,0.0,50.0
O01469,L02965,SC0202,2026-06-27,Store,2,39.81,0.0,79.62
O01469,L02966,SC0202,2026-06-27,Store,2,46.16,0.0,92.32
O01470,L02967,SC0203,2026-06-22,Store,1,33.68,0.0,33.68
O01471,L02968,SC0204,2026-06-21,Store,2,47.52,0.0,95.04
O01472,L02969,SC0205,2026-05-25,Online,1,42.8,0.25,32.1
O01473,L02970,SC0205,2026-06-25,App,2,44.03,0.0,88.06
O01473,L02971,SC0205,2026-06-25,App,1,30.54,0.0,30.54
O01474,L02972,SC0206,2026-06-16,Online,2,28.87,0.0,57.74
O01474,L02973,SC0206,2026-06-16,Online,2,49.88,0.0,99.76
O01475,L02974,SC0207,2026-06-24,App,2,50.49,0.25,75.74
O01476,L02975,SC0208,2026-05-25,Online,2,34.93,0.3,48.9
O01476,L02976,SC0208,2026-05-25,Online,2,29.48,0.3,41.27
O01477,L02977,SC0208,2026-06-25,App,1,48.46,0.0,48.46
O01477,L02978,SC0208,2026-06-25,App,1,36.94,0.0,36.94
O01477,L02979,SC0208,2026-06-25,App,2,26.84,0.0,53.68
O01478,L02980,SC0209,2026-06-18,Online,1,22.98,0.0,22.98
O01478,L02981,SC0209,2026-06-18,Online,1,46.24,0.0,46.24
O01478,L02982,SC0209,2026-06-18,Online,2,35.89,0.0,71.78
O01479,L02983,SC0210,2026-06-17,Online,2,54.5,0.0,109.0
O01479,L02984,SC0210,2026-06-17,Online,1,23.53,0.0,23.53
O01479,L02985,SC0210,2026-06-17,Online,1,22.52,0.0,22.52
O01480,L02986,SC0211,2026-06-21,App,1,40.44,0.0,40.44
O01481,L02987,SC0212,2026-05-09,Online,2,22.66,0.3,31.72
O01481,L02988,SC0212,2026-05-09,Online,2,52.22,0.3,73.11
O01481,L02989,SC0212,2026-05-09,Online,1,50.36,0.3,35.25
O01482,L02990,SC0212,2026-06-11,App,1,43.83,0.0,43.83
O01482,L02991,SC0212,2026-06-11,App,1,39.03,0.0,39.03
O01482,L02992,SC0212,2026-06-11,App,2,24.29,0.0,48.58
O01483,L02993,SC0213,2026-06-03,Online,1,36.95,0.0,36.95
O01483,L02994,SC0213,2026-06-03,Online,1,28.01,0.0,28.01
O01483,L02995,SC0213,2026-06-03,Online,1,46.68,0.0,46.68
O01484,L02996,SC0213,2026-06-20,App,1,42.82,0.0,42.82
O01484,L02997,SC0213,2026-06-20,App,1,37.49,0.0,37.49
O01484,L02998,SC0213,2026-06-20,App,1,31.57,0.0,31.57
O01485,L02999,SC0214,2026-06-24,App,1,34.49,0.0,34.49
O01485,L03000,SC0214,2026-06-24,App,2,47.28,0.0,94.56
O01486,L03001,SC0215,2026-06-19,Store,1,24.41,0.0,24.41
O01486,L03002,SC0215,2026-06-19,Store,1,35.89,0.0,35.89
O01486,L03003,SC0215,2026-06-19,Store,1,51.88,0.0,51.88
O01487,L03004,SC0216,2026-06-15,App,2,47.28,0.15,80.38
O01488,L03005,SC0216,2026-06-22,App,2,52.64,0.3,73.7
O01488,L03006,SC0216,2026-06-22,App,1,27.69,0.3,19.38
O01489,L03007,SC0217,2026-06-12,Store,1,40.0,0.0,40.0
O01489,L03008,SC0217,2026-06-12,Store,1,46.92,0.0,46.92
O01490,L03009,SC0218,2026-06-14,Online,1,25.25,0.0,25.25
O01491,L03010,SC0218,2026-06-20,App,1,48.07,0.0,48.07
O01492,L03011,SC0219,2026-06-21,App,2,41.21,0.0,82.42
O01493,L03012,SC0220,2026-06-15,Store,1,38.99,0.3,27.29
O01494,L03013,SC0221,2026-06-24,Online,1,26.25,0.0,26.25
O01494,L03014,SC0221,2026-06-24,Online,1,52.74,0.0,52.74
O01494,L03015,SC0221,2026-06-24,Online,1,35.59,0.0,35.59
O01495,L03016,SC0222,2026-06-13,Online,1,51.51,0.2,41.21
O01495,L03017,SC0222,2026-06-13,Online,1,24.63,0.2,19.7
O01496,L03018,SC0223,2026-06-19,App,1,23.35,0.25,17.51
O01496,L03019,SC0223,2026-06-19,App,1,43.55,0.25,32.66
O01496,L03020,SC0223,2026-06-19,App,1,31.15,0.25,23.36
O01497,L03021,SC0224,2026-06-04,Online,2,42.96,0.0,85.92
O01498,L03022,SC0224,2026-06-24,Online,1,33.54,0.2,26.83
O01498,L03023,SC0224,2026-06-24,Online,1,37.38,0.2,29.9
O01499,L03024,SC0225,2026-06-22,Online,2,26.34,0.0,52.68
O01499,L03025,SC0225,2026-06-22,Online,1,24.42,0.0,24.42
O01499,L03026,SC0225,2026-06-22,Online,2,33.36,0.0,66.72
O01500,L03027,SC0226,2026-06-21,App,1,41.3,0.25,30.98
O01500,L03028,SC0226,2026-06-21,App,1,26.26,0.25,19.7
O01501,L03029,SC0227,2026-06-22,Online,2,32.17,0.25,48.26
O01501,L03030,SC0227,2026-06-22,Online,1,35.58,0.25,26.69
O01502,L03031,SC0228,2026-06-15,Store,1,49.51,0.15,42.08
O01503,L03032,SC0229,2026-06-21,App,1,33.0,0.0,33.0
O01504,L03033,SC0230,2026-06-13,App,1,32.26,0.0,32.26
O01505,L03034,SC0231,2026-06-13,Online,1,31.07,0.0,31.07
O01506,L03035,SC0231,2026-06-13,Store,1,51.63,0.0,51.63
O01507,L03036,SC0232,2026-05-22,App,2,39.76,0.0,79.52
O01507,L03037,SC0232,2026-05-22,App,1,36.67,0.0,36.67
O01507,L03038,SC0232,2026-05-22,App,1,48.72,0.0,48.72
O01508,L03039,SC0232,2026-06-28,Online,1,41.69,0.0,41.69
O01508,L03040,SC0232,2026-06-28,Online,1,37.4,0.0,37.4
O01508,L03041,SC0232,2026-06-28,Online,1,37.27,0.0,37.27
O01509,L03042,SC0233,2026-05-16,App,2,35.21,0.0,70.42
O01509,L03043,SC0233,2026-05-16,App,2,51.11,0.0,102.22
O01509,L03044,SC0233,2026-05-16,App,2,31.56,0.0,63.12
O01510,L03045,SC0233,2026-06-15,Online,1,42.46,0.0,42.46
O01510,L03046,SC0233,2026-06-15,Online,1,47.46,0.0,47.46
O01511,L03047,SC0234,2026-06-19,Store,1,51.88,0.0,51.88
O01511,L03048,SC0234,2026-06-19,Store,1,42.48,0.0,42.48
O01512,L03049,SC0235,2026-05-07,Online,1,50.9,0.0,50.9
O01513,L03050,SC0235,2026-06-15,App,2,31.63,0.0,63.26
O01513,L03051,SC0235,2026-06-15,App,1,53.19,0.0,53.19
O01514,L03052,SC0236,2026-06-16,Store,1,36.87,0.25,27.65
O01514,L03053,SC0236,2026-06-16,Store,1,40.09,0.25,30.07
O01515,L03054,SC0237,2026-06-09,Store,1,43.86,0.0,43.86
O01515,L03055,SC0237,2026-06-09,Store,2,52.1,0.0,104.2
O01516,L03056,SC0237,2026-06-24,Store,1,51.35,0.0,51.35
O01517,L03057,SC0238,2026-06-14,App,2,39.26,0.0,78.52
O01518,L03058,SC0238,2026-06-27,Online,1,23.81,0.25,17.86
O01519,L03059,SC0239,2026-06-21,Online,1,44.82,0.0,44.82
O01520,L03060,SC0240,2026-06-29,Online,1,41.03,0.0,41.03
O01520,L03061,SC0240,2026-06-29,Online,2,52.36,0.0,104.72
O01520,L03062,SC0240,2026-06-29,Online,1,34.48,0.0,34.48
