entry,key,metric_name,family,family_name,business_question,formula,numerator,denominator,window,filters,grain,unit,required_fields,interpretation,common_failure,verification,common_variants,owned_by
B.2.1,line_revenue,Line revenue,B.2,"Revenue, margin, and volume",What did one order line contribute to net sales?,quantity x unit_price x (1 − discount_pct); stored as line_revenue and recomputed rather than trusted,"The extended, discounted value of a single order line","None - it is an amount, not a rate",The order's order_date; no window of its own,"Certified lines only; a line whose quantity, unit_price, or discount_pct is unresolved has no line revenue and must stay missing rather than becoming zero",One order line,Dollars,"quantity, unit_price, discount_pct","The building block every revenue metric in this appendix aggregates. It is net of line-level discount and gross of returns, credits, and refunds.","Summing a column in which unresolved lines were filled with 0.00. pandas sum() skips missing values by default, so a total computed over eleven lines of which one is unresolved is the revenue of ten lines wearing the label of eleven.","Recompute from quantity, unit_price, and discount_pct and compare with the stored column; then confirm the count of unresolved lines is zero before quoting any total.","Where returns are netted at line level, the same name denotes a different quantity. State whether returns and adjustments are inside the number.","Chapter 4, Section 4.8"
B.2.2,gross_sales,Gross sales,B.2,"Revenue, margin, and volume","What would the period have billed at catalog prices, before discount?",Sum of quantity x unit_price across the included lines,Extended catalog value of every included line,None - it is a total,"Stated period, both ends inclusive","Stated channel, store, and product filters","Whatever population is stated; commonly chain, store, or campaign",Dollars,"quantity, unit_price",Read only beside net revenue. Alone it overstates what the business earned by exactly the discount given.,"Reporting gross sales as 'revenue'. The gap between the two names is the whole promotional story, and collapsing it hides the discount dependence Chapter 6 measures.",Gross sales less discount dollars must equal net revenue exactly.,,Appendix B; the book uses net revenue throughout
B.2.3,discount_dollars,Discount dollars,B.2,"Revenue, margin, and volume",How much price was given away to produce this revenue?,Gross sales − net revenue; equivalently sum of quantity x unit_price x discount_pct,Catalog value forgone on the included lines,None - it is a total,Stated period,Stated filters; lines with discount_pct of 0 contribute nothing,Stated population,Dollars,"quantity, unit_price, discount_pct","Rising discount dollars against flat units is a margin story, not a demand story.","Confusing discount dollars with markdown at retail, which is an inventory-accounting quantity computed against a different base.","Must be non-negative, and must equal gross sales less net revenue.",,Appendix B
B.2.4,net_revenue,Net revenue,B.2,"Revenue, margin, and volume",What did the business actually earn from these orders?,Sum of line_revenue across the included lines,Sum of line_revenue,None - it is a total,"Stated period, both ends inclusive; a trailing window needs a start and an as-of date","Stated channel, store, customer, and campaign filters","Stated population - chain, store, metro, customer, campaign, or day",Dollars,"line_revenue, order_date, plus whatever the filters name",The book's default meaning of the bare word revenue. It is net of line discount and does not net returns.,"Quoting a revenue total whose window, filters, and returns treatment are unstated, so two correct totals disagree and neither can be reconciled.",Reconcile to the certified source total to the cent. An aggregation redistributes rows and must never create or destroy dollars.,"Recognized revenue as finance defines it may net returns, cancellations, and gift-card breakage. Where the dashboard sits beside a finance report, say which is being shown.","Chapter 4, Section 4.8"
B.2.5,line_cost,Line cost,B.2,"Revenue, margin, and volume",What did the goods on one order line cost to sell?,quantity x unit_cost,Extended variable cost of a single order line,None - it is an amount,The order's order_date,Certified lines only,One order line,Dollars,"quantity, unit_cost","What line_cost carries decides whether the difference below it is contribution or gross profit. In the certified extract it carries merchandise cost, inbound freight, payment processing, and pick-and-ship.","Assuming the cost column is fully loaded when it carries merchandise cost alone. If it does, every quantity below is gross profit and must be relabeled.",Confirm with finance what line_cost contains before naming anything computed from it.,,"Chapter 13, Section 13.12.1"
B.2.6,contribution,Contribution,B.2,"Revenue, margin, and volume","What is left after the variable cost of selling, before the fixed footprint?",Sum of (line_revenue − line_cost),Net revenue less variable cost on the included lines,None - it is a total,Stated period,Stated population; the go/no-go dashboard computes it for suburban and resort stores only,Stated population; the dashboard uses one store-week,Dollars,"line_revenue, line_cost",Revenue after variable cost and before the fixed footprint. It is the quantity a store must generate enough of to cover its own rent.,"Calling it contribution when line_cost carries merchandise cost alone. That quantity is gross profit, and every sentence using the word contribution is then wrong.",Must be less than net revenue on the same population. Recompute on one store-week by hand from the underlying lines.,"Contribution after occupancy, and contribution after allocated overhead, are different and larger deductions. Name the deduction, not just the word.","Chapter 13, Section 13.12.1"
B.2.7,contribution_margin,Contribution margin,B.2,"Revenue, margin, and volume",What share of each revenue dollar survives variable cost?,"Sum of (line_revenue − line_cost) / Sum of line_revenue, on the same cost definition",Contribution on the stated population,Net revenue on the same population,Stated period,"Same population for numerator and denominator, without exception","One population, not one line - it is a pooled ratio",Percentage,"line_revenue, line_cost","A within-population conversion factor. Chapter 13 computes 46 percent for the suburban and resort stores, which is not the chain's margin and may not be used as one.",Applying a margin computed on one population to a quantity measured on another. The chain's contribution and the suburban stores' margin do not belong in the same fraction.,"Bounded above by 1. Recompute from the two totals rather than averaging line-level margins, which weights a $24 line like a $248 one.",Gross margin uses merchandise cost alone in the numerator and is systematically larger. The two are routinely swapped in decks.,"Chapter 13, Section 13.12.1"
B.2.8,net_contribution_after_ad_spend,Net contribution after advertising spend,B.2,"Revenue, margin, and volume",Did this campaign's revenue survive both product cost and the advertising that produced it?,revenue x margin_rate − ad_spend,"Gross margin dollars on campaign revenue, less advertising spend",None - it is an amount,The campaign window,"One campaign; advertising spend only, excluding creative production and agency fees",One marketing campaign,Dollars,"revenue, margin_rate, ad_spend",The correction to return on ad spend that margin supplies. A campaign can lead on return on ad spend and still destroy contribution.,"Calling it contribution margin. It is not: it excludes every marketing cost other than advertising, and the name is chosen so the two cannot be confused.","Recompute one campaign by hand. Confirm the sign: a negative value is a finding, not an error.",,"Chapter 1, Lab 1.2"
B.2.9,units_sold,Units sold,B.2,"Revenue, margin, and volume","How much merchandise moved, independent of price?",Sum of quantity across the included lines,Sum of quantity,None - it is a count,Stated period,Stated filters,Stated population,Count of units,quantity,The volume half of every revenue movement. Revenue up with units flat is a price or mix story.,Counting order lines instead of units. A line carrying a quantity of three is one line and three units.,Units must be at least as large as the line count on a file with no zero-quantity lines.,,"Chapter 5, Section 5.7"
B.2.10,order_count,Number of orders,B.2,"Revenue, margin, and volume",How many purchase occasions occurred?,Count of distinct order_id,Distinct order_id values,None - it is a count,Stated period,Stated filters,Stated population,Count of orders,order_id,The denominator of average order value and the volume term in the customer-value identity.,Using the row count of a line-grain file. A distinct count is not a row count; nunique on order_id counts orders and size counts order lines.,"Distinct orders must be no greater than the line count, and must equal the row count of any order-grain roll-up of the same file.",,"Chapter 4, Section 4.8"
B.2.11,customer_count,Number of customers,B.2,"Revenue, margin, and volume",How many distinct people bought?,Count of distinct customer_id,Distinct customer_id values,None - it is a count,Stated period,"Stated filters; lines carrying no customer_id cannot be counted and must be resolved, not dropped silently",Stated population,Count of customers,customer_id,The denominator of every customer-grain metric in Section B.3.,"Letting a group-by drop rows whose customer_id is missing. pandas excludes missing group keys by default, so groups vanish without comment and the denominator shrinks unannounced.",The customer count of a roll-up must equal the count of distinct non-null customer_id values in the lines it was built from.,,"Chapter 4, Section 4.8"
B.2.12,revenue_growth_rate,Revenue growth rate,B.2,"Revenue, margin, and volume",How much did revenue change against its comparison period?,(Current-period revenue − comparison-period revenue) / comparison-period revenue,Change in revenue between the two periods,Comparison-period revenue. A comparison period of zero leaves the growth rate undefined; report the absolute change instead.,"Two periods of equal length, both named; the comparison period is part of the metric, not context for it","Identical filters in both periods, including store roster",Stated population,Percentage,"line_revenue, order_date","Meaningless without its comparison period. Year over year, quarter over quarter, and against plan are three different numbers.","Comparing periods whose store rosters differ, so an opening or closing is read as growth. Chapter 2's resort stores grew 40 percent partly because the prior year held a partial season.","Confirm both periods carry the same length, the same filters, and a stated store roster. State the comparison period in the same sentence as the number.",,"Chapter 2, Section 2.7"
B.2.13,variance_from_target,Variance from target or baseline,B.2,"Revenue, margin, and volume",How far is the outcome from the number it was measured against?,Actual − baseline for a dollar variance; (actual − baseline) / baseline for a percentage variance,Actual less the declared baseline,"The baseline, for the percentage form only. A baseline of zero leaves the percentage variance undefined; report the dollar variance instead.",The baseline's own period,The baseline's own filters,Stated population,Dollars for the difference; percentage for the ratio; never both under one label,"The actual, and a baseline declared before results were inspected","The variance is only as meaningful as the baseline. A target set after the results are known is a description, not a benchmark.",Reporting a percentage variance and a dollar variance under one word and letting the reader assume which. State the unit.,Confirm the baseline was declared in advance and record where. Recompute both forms and check they tell the same story.,,"Chapter 2, Section 2.7"
B.2.14,pct_change_vs_pct_points,Percentage change and percentage-point change,B.2,"Revenue, margin, and volume","Did the quantity move by a share of itself, or by an amount on its own scale?","Percentage change = (new − old) / old. Percentage-point change = new − old, when both are already percentages","For percentage change, the difference; for percentage-point change, the difference itself is the answer","For percentage change, the old value — an old value of zero leaves it undefined, and the change should be reported in levels; for percentage-point change, none",Two stated periods,Identical in both periods,Stated population,"Percentage, or percentage points - these are different units and are never interchangeable",The two values being compared,A repeat-order share moving from 20 to 24 percent rose by 4 percentage points and by 20 percent. Both are true; they are not the same claim.,Reporting the larger of the two because it is more persuasive. Chapter 13 names this as framing: presenting a quantity in the form that produces the intended reaction where the alternative framing is equally true.,"Say the unit aloud. If the quantity being compared is itself a percentage, the difference is in points and the ratio is in percent.",,"Chapter 13, Section 13.15"
B.3.1,aov,Average order value (AOV),B.3,Basket and customer value,What does a typical purchase occasion come to?,"Sum of line_revenue / count of distinct order_id. In Tableau, SUM([line_revenue]) / COUNTD([order_id])",Net revenue on the included lines,Distinct orders on the same included lines,"Stated period, both ends inclusive","Stated channel, store, metro, and customer filters, applied identically to numerator and denominator","One order. It is an order-grain mean: it is ordinarily computed from a line-grain file, but as revenue over distinct orders rather than as an average of line values.",Dollars,"line_revenue, order_id","Basket size in dollars. It knows nothing about frequency, so a store can lead on average order value and trail badly on revenue per customer.",Computing AVG(line_revenue) on a line-grain file. There is no error message and no visual difference between the correct chart and the incorrect one; Chapter 12 reports $50.41 for the line-grain average against $108.00 for the true chain figure.,"Recompute as total revenue over distinct orders and confirm the two agree. On the practice file: $1,312.00 over 12 orders is $109.33.","Some organizations compute AOV net of returns, and some at gross sales. Both are defensible; state which.","Chapter 5, Section 5.7"
B.3.2,aov_averaged,Average of group average order values (do not use),B.3,Basket and customer value,None. This entry exists so the quantity can be recognized and rejected.,Unweighted mean of each group's AOV,Sum of the group AOVs,Count of groups,As stated,As stated,"One group, equally weighted",Dollars,Group-level AOV,"Reconciles to no total. A group of 40 orders and a group of 40,000 receive equal votes.",Reporting it as the overall figure. On the practice file the metro averages give $129.71 against a true pooled $109.33; Chapter 5's miniature gives $105.00 against a true $82.50.,"The pooled figure and the weighted mean must agree exactly. If a third number appears, it is this one.",,"Chapter 5, Section 5.3"
B.3.3,units_per_order,Units per order (basket size),B.3,Basket and customer value,How many items are in a typical basket?,Sum of quantity / count of distinct order_id,Units on the included lines,Distinct orders on the same lines,Stated period,Stated filters,One order,Units per order,"quantity, order_id","The volume factor of the average-order-value identity. Chapter 5's designed finding is that the suburban gap is basket size and mix, not unit price.","Dividing by lines rather than orders, which understates basket size wherever orders carry more than one line.",Must be at least 1 on a file with no zero-quantity orders. Multiply by revenue per unit and confirm the product is average order value exactly.,,"Chapter 5, Section 5.7"
B.3.4,revenue_per_unit,Revenue per unit (realized price per unit),B.3,Basket and customer value,"What did an item actually sell for, after discount and mix?",Sum of line_revenue / sum of quantity,Net revenue on the included lines,Units on the same lines,Stated period,Stated filters,One unit. The denominator is units - not lines and not orders.,Dollars per unit,"line_revenue, quantity","The price factor of the average-order-value identity. It moves with category mix, discount depth, and promotional participation, not only with list price.","Reading it as a list price. StyleCraft's catalog prices do not differ by store; realized revenue per unit does, because mix does.",Must fall inside the catalog band once discounts are accounted for. Recompute at a common price set to separate mix from price.,,"Chapter 5, Section 5.7"
B.3.5,aov_identity,Average order value decomposition,B.3,Basket and customer value,Is a basket-size gap made of more items or dearer items?,"AOV = units per order x revenue per unit. Exactly, by construction: revenue/orders = units/orders x revenue/units",Not applicable - a multiplicative identity,Not applicable,"Stated period, identical for both factors",Identical for both factors,Order for the composite; order and unit for the two factors,"Ratio factors, not additive shares","line_revenue, quantity, order_id","The identity yields factors that multiply, not percentage shares that add. On the practice file a 2.82x AOV gap between suburban and urban stores factors into a 1.50x basket factor and a 1.88x price factor.",Writing that 'basket size accounts for sixty percent of the gap.' The identity supplies no such allocation; an additive attribution needs a logarithmic decomposition and a stated convention.,The two factors must multiply back to the composite exactly. Assert it rather than eyeballing it.,,"Chapter 5, Section 5.7"
B.3.6,revenue_per_customer,Revenue per customer,B.3,Basket and customer value,What is one customer worth over the window?,Sum of line_revenue / count of distinct customer_id,Net revenue attributed to the counted customers,Distinct customers in the stated population,A stated window. Without one this is a lifetime total wearing a period label.,Stated filters; state whether non-purchasers are inside the denominator,One customer,Dollars per customer,"line_revenue, customer_id","The customer-value counterpart of average order value. Revenue per customer equals AOV times orders per customer, which is where a weak repeat rate taxes a strong basket.","Interchanging it with average order value. Per order and per customer differ by frequency, and the expansion case must be argued on the customer figure.","Confirm the identity: AOV x orders per customer = revenue per customer. On the practice file, $109.33 x 1.5 = $164.00.","Computed over purchasers only, or over the whole customer file including non-purchasers. The two differ materially; name the base.","Chapter 5, Section 5.7"
B.3.7,orders_per_customer,Orders per customer (purchase frequency),B.3,Basket and customer value,How often does a customer buy in the window?,Count of distinct order_id / count of distinct customer_id,Distinct orders,Distinct customers in the stated population,A stated window; the figure is not comparable across windows of different length,Stated filters,One customer,Orders per customer,"order_id, customer_id",The frequency factor between average order value and revenue per customer.,Comparing frequency across customers observed for different lengths of time. A customer who signed up nine weeks ago cannot have accumulated two years of orders; see exposure months.,Must be at least 1 among purchasers. Recompute as the mean of the customer-level order counts and confirm agreement.,,"Chapter 6, Section 6.5"
B.3.8,frequency,Frequency (RFM),B.3,Basket and customer value,How many purchase occasions has this customer had in the window?,Count of distinct order_id for the customer in the window,Distinct orders placed by the customer,None - it is a count,"The declared analysis window, open at the start and closed at the end, measured to a declared analysis date",Customers with at least one order in the window,One customer,Count of orders,"order_id, customer_id, order_date","Counts orders, not lines: an order of five lines is one act of purchasing, not five.","Counting at line grain, which inflates frequency for multi-line baskets and quietly rewards the suburban shopper the analysis is trying to measure.",The sum of customer frequencies must equal the distinct order count of the window.,,"Chapter 6, Section 6.5"
B.3.9,monetary,Monetary value (RFM),B.3,Basket and customer value,How much has this customer spent in the window?,Sum of line_revenue for the customer in the window,Net revenue on the customer's lines,None - it is a total,The declared analysis window,Customers with at least one order in the window,One customer,Dollars,"line_revenue, customer_id, order_date","Strongly right-skewed at StyleCraft, and bounded by how long the customer has been observed.","Comparing monetary totals across customers of very different tenure, which restates the tenure question rather than answering the performance one.",The sum of customer monetary values must equal the window's certified revenue total.,"A common variant uses average order value in place of total revenue. Total rewards frequent modest baskets; average rewards rare large ones. The choice is declared, not defaulted.","Chapter 6, Section 6.5"
B.3.10,recency_days,Recency,B.3,Basket and customer value,How long has it been since this customer last bought?,"Analysis date − the customer's most recent order_date, in days",Elapsed days since the most recent purchase,None - it is a duration,Measured back from a declared analysis date; undefined for a customer who has never purchased,Purchasing population; every order_date must fall on or before the analysis date,One customer,Days,"order_date, customer_id, a declared analysis date","Lower is better, which is why the recency score reverses the raw days.","A negative recency, which is a date defect rather than a customer behavior and means an order is dated after the analysis date.","Assert that every recency is at or above zero, and that the minimum is consistent with the snapshot the features were built at.",,"Chapter 6, Section 6.5"
B.3.11,exposure_months,Exposure months,B.3,Basket and customer value,How long has this customer actually been observable inside the window?,"(Analysis date − the later of signup_date and the window start) in days, divided by 30.44, floored at 1.0 month",Observed days inside the window,"30.44 days per month, then floored at 1.0",The declared analysis window,Purchasing population,One customer,Months,"signup_date, a declared analysis date and window start",A denominator only. It exists so that a customer observed for nine days does not appear to have a stable monthly rate.,"Flooring the day count rather than the months, which produces a minimum of 0.986 rather than 1.0 and lets a near-zero denominator through.",Assert the minimum is exactly 1.0.,,"Chapter 6, Section 6.6"
B.3.12,orders_per_month,Orders per month,B.3,Basket and customer value,"How often does this customer buy, adjusted for how long we have watched?",frequency / exposure_months,Distinct orders in the window,Exposure months,The declared analysis window,Purchasing population,One customer,Orders per month,"frequency, exposure_months",Reduces the mechanical effect of tenure on frequency. It does not eliminate it from a specification that still contains the raw totals.,"Treating it as independent of frequency. It is frequency divided by a constant-per-customer denominator, and standardization does not remove that redundancy.",Least stable for customers observed shortest; report the exposure distribution beside it.,,"Chapter 6, Section 6.6"
B.3.13,revenue_per_month,Revenue per exposure-month,B.3,Basket and customer value,What does this customer spend per month of observed relationship?,monetary / exposure_months,Net revenue in the window,Exposure months,The declared analysis window,Purchasing population,One customer,Dollars per month,"monetary, exposure_months",The measure on which a short-tenured segment stops looking weak. A segment can trail badly on lifetime revenue and lead on revenue per month of exposure.,"Aggregating it to segment level by averaging the customer-level ratios, which gives a $40 customer and a $1,000 customer equal votes. Pool the numerators and denominators instead, or say plainly that the figure is a mean of ratios.","State which aggregation was used, and use the same one for every ratio in the same exhibit.",,"Chapter 6, Section 6.6"
B.3.14,discount_share,Discount share,B.3,Basket and customer value,How much of this customer's spending came on discounted merchandise?,Revenue on lines with discount_pct greater than 0 / monetary,Net revenue on the customer's discounted lines,The customer's total net revenue in the window,The declared analysis window,"Discounted lines are those with discount_pct greater than 0; the roll-up is at line grain, because an order mixing a discounted dress with a full-price scarf is one order and two different facts",One customer,Proportion between 0 and 1,"line_revenue, discount_pct, customer_id","A margin proxy at customer level. A customer with no discounted lines has a share of exactly 0, which is data rather than missingness.","Computing it at order grain, which assigns a whole mixed basket to one side.","Bounded in [0, 1] with a small tolerance, since shares summed from rounded line revenue can land a fraction above one in floating point.",,"Chapter 6, Section 6.6"
B.3.15,store_share,Store share,B.3,Basket and customer value,How much of this customer's buying happens in physical stores?,Distinct orders with channel of Store / frequency,The customer's distinct store-channel orders,The customer's distinct orders in the window,The declared analysis window,Channel is read at order grain; the build asserts one channel per order,One customer,Proportion between 0 and 1,"channel, order_id, customer_id",Separates the store-only occasion shopper from the digital-first core.,"Taking the first channel of a multi-channel order, which manufactures a consistent order out of an inconsistent one.","Bounded in [0, 1]. Assert that no order carries two channels before computing it.",,"Chapter 6, Section 6.6"
B.3.16,occasionwear_share,Occasionwear share,B.3,Basket and customer value,How much of this population's buying is occasionwear?,Occasionwear units / total units for the unit-weighted form; occasionwear revenue / total revenue for the revenue-weighted form,"Units, or revenue, on lines flagged is_occasionwear","Total units, or total revenue, on the same lines",Stated period,Requires a validated many-to-one join to products; an unmatched line has no flag and must not be silently counted as not occasionwear,"Stated population - customer, metro, or store",Proportion,"quantity or line_revenue, is_occasionwear, product_id",The mix term behind the suburban price factor. On the practice file the suburban store share is 0.500 against 0.000 urban.,Quoting 'occasionwear is 60 percent of suburban sales' without saying whether sales means units or revenue. The two differ whenever occasionwear prices differ from the rest.,"Bounded in [0, 1]. Confirm the join produced no unmatched lines before trusting the denominator.",,"Chapter 5, Section 5.7"
B.3.17,decile_share,Revenue share by decile,B.3,Basket and customer value,How concentrated is revenue across customers?,"Decile revenue / total revenue in the window, over customers ranked by revenue and cut into ten equal-count groups",Revenue of the customers in the decile,"Total revenue in the window, across the ranked population",A stated window - the interval is open at the start and closed at the end; concentration is window-dependent and the window belongs in the sentence,Customers with a resolved customer_id who were active in the window; ties broken deterministically so the cut is reproducible,One decile of customers,Proportion of revenue,"line_revenue, customer_id, order_date","Decile 1 is the highest-revenue tenth. A top-decile share well above ten percent is the ordinary finding, not a surprising one.","Quoting a top-decile share from a short window. Measured concentration is inflated by observation error over short windows, so a 30-day decile share is not comparable with a trailing-twelve-month one.",The deciles must partition: customer counts sum to the ranked population and decile revenues sum to the window total.,"The Pareto shorthand - the top 20 percent account for X percent - is the same construction at a different cut. The true split is rarely the folkloric 80/20, and it varies meaningfully by category and window (Schmittlein et al., 1993).","Chapter 5, Section 5.9"
B.4.1,repeat_purchase_rate,Repeat purchase rate,B.4,Retention and customer relationship,What share of customers came back?,Customers with two or more orders in the window / customers eligible in the window,Customers with two or more completed orders in the window,Customers with at least one order in the window,"Trailing twelve months to a declared analysis date, bounded at both ends. A one-sided filter makes the reported rate depend on the day the notebook happens to run.",All channels. The headline definition applies no channel filter.,One customer,Proportion,"order_id, customer_id, order_date","StyleCraft's headline retention measure and the baseline of the expansion review, owned by the CRM manager. Customers acquired late in the window have had little time to repurchase, a mechanical depressant a same-age cohort comparison is designed to remove.","Quoting the name without the definition. Three defensible definitions of this phrase circulate at StyleCraft and produce 0.60, 0.43, and 0.20 on the same eighteen orders.","Bounded in [0, 1]. Hand-count the numerator and denominator on a small file: on Chapter 3's preview, three repeaters over seven active customers is 0.43.","Lifetime: two or more orders ever, over all customers with at least one completed order in the available history - 0.60 on the preview, and unresponsive to current behavior. Store-only: the same window restricted to the store channel in both numerator and denominator - 0.20 on the preview, and the right measure for the economics of the physical footprint. Report the store version beside the headline rather than instead of it.","Chapter 3, Section 3.10.3"
B.4.2,repeat_order_share,Repeat-order share,B.4,Retention and customer relationship,What share of orders were placed by customers who had bought before?,Orders placed after the customer's first purchase date / distinct orders,Orders whose order_date is later than the customer's first purchase date,Distinct orders in the population,"Stated period; the first purchase date is computed on full history, before any date filter, so that trimming a partial month does not manufacture first purchases","The go/no-go dashboard excludes the reserved ONLINE store, because the comparison is across physical store types",One order,Percentage,"order_id, customer_id, order_date","An order-grain measure. On the practice file it is 4 of 12, or 33.3 percent, against a customer-grain repeat purchase rate of 37.5 percent on the same file.","Labelling it 'returning-customer share'. It is not the share of customers who returned, and the obvious name invites a customer-level reading the metric does not support. Because order_date carries a date rather than a timestamp, every order placed on a customer's first purchase date is classified as a first-day order.","Bounded in [0, 1]. Confirm the chain figure is computed on the pooled denominator; Chapter 12 reports a chain share of 47 percent against an unweighted mean of the four store-type rates of 34 percent.",,"Chapter 12, Section 12.13.2"
B.4.3,churn_rate_descriptive,Churn rate (descriptive),B.4,Retention and customer relationship,What share of a stated customer population went quiet?,Customers inactive by a stated rule / the stated customer population,Customers meeting the stated inactivity rule,The stated eligible population,A stated observation window,A stated eligibility rule,One customer,Proportion,"order_id, customer_id, order_date","Descriptive bookkeeping. Churn is not naturally observed in a non-contractual business; it is operationalized, and different defensible rules produce different populations.",Presenting a descriptive churn rate as though it measured departure. It measures silence under one rule.,"Bounded in [0, 1]. State the rule and the window in the same sentence as the number.",,"Chapter 5, Section 5.7"
B.4.4,churn_label,Churn label,B.4,Retention and customer relationship,"Which customers are to be treated as having churned, for modeling?",churned = 1 for an eligible customer with zero completed purchase orders in the outcome window,Customers with no outcome-window purchase order,"None - it is a per-customer flag, not a rate",A six-month outcome window following a declared snapshot date; the feature window ends at the snapshot and both ends of each window are enforced,"Both conditions: signup_date on or before the snapshot, and at least one purchase inside the feature window, so that every labeled customer has a history to be scored on",One customer,Binary flag,"order_id, customer_id, order_date, signup_date",A measurement decision before it is a modeling one. Shortening the outcome window inflates the base rate with mid-cadence occasion shoppers; lengthening it purifies the label but treats customers too late to save.,"Defining churn as zero net revenue rather than zero purchase activity. An order can net to zero after a discount and a returned line, so the two events are not the same and a revenue-based label mislabels them.","Reconcile against the shipped answer key. Where activity and revenue definitions disagree, the disagreement is a finding about the revenue column rather than a bug in the label.","A 90-day or 12-month outcome window, and activity redefined to include an app open or an email click, are each defensible and each produce a different base rate and a different treated population.","Chapter 9, Section 9.3"
B.4.5,cohort_retention,Cohort retention rate (period-active),B.4,Retention and customer relationship,"Of the customers who started together, how many were active at a given age?",Customers in the cohort active in period p / cohort size,Distinct customers in the cohort with at least one order in that calendar period,Cohort size - the customers whose first order fell in the cohort's own period,"Periods measured from each cohort's own start, with an observability mask so that unreached periods stay missing rather than becoming zero","Deduplicated on customer and period, so a customer with three orders in a month counts once",One cohort in one period since its start,Percentage,"order_id, customer_id, order_date","A period-active rate can rise as well as fall, because a customer who skipped a month can return.",Reading a blank cell as zero. Elapsed but inactive is 0.0; not yet reached is missing. A table that does not distinguish the two cannot be read down a column.,Period zero must be 1.0 for every cohort; cohort sizes must sum to the distinct customer count; no cell may exceed 1.0.,A survival retention rate holds the share retained continuously and is non-increasing by construction. A table that does not say which form it is cannot be read.,"Chapter 5, Section 5.8"
B.4.6,cohort_size,Cohort size,B.4,Retention and customer relationship,How many customers started together?,Count of customers whose first order fell in the cohort period,Distinct customers with a first order in the period,None - it is a count,The cohort's own defining period,Stated acquisition filters,One cohort,Count of customers,"customer_id, order_date","Read down the left edge of every cohort table. A triumphant retention story over shrinking cohorts is two findings, not one.",Presenting retention percentages without the sizes that produced them.,Cohort sizes must sum to the distinct customer count of the population.,,"Chapter 5, Section 5.8"
B.4.7,tenure_days,Tenure,B.4,Retention and customer relationship,How long has this person been a customer?,"Analysis date − signup_date, in days",Elapsed days since signup,None - it is a duration,Measured to a declared analysis or snapshot date,None beyond the stated population,One customer,Days,"signup_date, a declared analysis date",The variable behind most apparent differences between new and established markets. Chapter 9's fairness screen exists because a new store's customers look unresponsive largely because they are new.,Reading a tenure artifact as a value verdict. A lifecycle position is not a quality judgment.,Tenure must be at least recency for every customer; a violation indicates a broken join rather than an unusual customer.,,"Chapter 6, Section 6.6"
B.4.8,time_to_second,Time to second purchase,B.4,Retention and customer relationship,How long does it take a new customer to come back?,Days between a customer's first and second order_date,Elapsed days between the two orders,None - it is a duration,"Measured from each customer's own first order, to a declared analysis date","Customers with at least two orders; customers with only one are censored, not missing, and must be reported as such",One customer,Days,"order_id, customer_id, order_date","Averaging only over customers who did come back understates the true wait, because the customers who never returned are the slowest of all.",Reporting a mean over repeaters as though it described the base. State the share of customers with no second purchase in the same sentence.,Report the censored share beside the statistic.,,"Chapter 5, Section 5.7"
B.5.1,impressions,Impressions,B.5,"Acquisition, media, and campaign",How many times was the advertising served?,"Count of served impressions, as reported by the platform",Impressions recorded by the serving platform,None - it is a count,The campaign window,"One campaign, or a stated roll-up of campaigns",One campaign,Count,impressions,"A delivery count, not a count of people. Impressions are not reach.","Using impressions as the denominator of a conversion rate, which mixes a served-advertising count with a customer count and produces a number that is not a funnel stage.",Must be at least the click count on the same campaign.,,"Chapter 1, Section 1.10"
B.5.2,clicks,Clicks,B.5,"Acquisition, media, and campaign",How many times did someone click through?,Count of recorded clicks,Clicks recorded by the serving platform,None - it is a count,The campaign window,"One campaign, or a stated roll-up",One campaign,Count,clicks,"Serves as numerator of click-through rate and denominator of post-click conversion rate, which is why its definition has to travel with both.","Treating clicks as unique people. Unless the platform de-duplicates, a click count is an event count.",Must be no greater than impressions and at least the conversion count.,,"Chapter 1, Section 1.10"
B.5.3,ctr,Click-through rate (CTR),B.5,"Acquisition, media, and campaign",How well did the creative earn attention from the advertising served?,clicks / impressions,Clicks,Impressions,The campaign window,"One campaign, or a stated pooled roll-up; a campaign with zero impressions has an undefined rate, not an infinite one",One campaign,Proportion,"clicks, impressions",A creative and targeting measure. It says nothing about what happened after the click.,Averaging campaign click-through rates to get a portfolio figure. Recompute from pooled totals: on Chapter 1's four campaigns the pooled rate is 0.0500.,"Bounded in [0, 1]. A rate above 1 means clicks exceed impressions somewhere and the numerator and denominator have been reversed or the join has duplicated.",,"Chapter 1, Section 1.10"
B.5.4,post_click_conversion_rate,Post-click conversion rate,B.5,"Acquisition, media, and campaign","Of the people who clicked, how many converted?",conversions / clicks,"Attributed conversion events on the campaign, counted on the same basis as the denominator","Click events on the same campaign, counted on the same basis as the numerator","The campaign window, plus the platform's conversion window","One campaign; the column is named for its denominator so that the definition travels with the number. Numerator and denominator must count the same unit: unique clickers against unique converters, sessions against converted sessions, or click events against conversion events under a stated one-conversion-per-click convention.",One campaign,Proportion,"conversions, clicks","One of at least four quantities the phrase conversion rate can denote. Conversions may be divided by clicks, sessions, visitors, leads, or recipients, and the results differ.","Reporting it as 'conversion rate' with no denominator named, or averaging the four campaign rates instead of pooling. Chapter 1's campaigns give 0.1161 pooled against 0.1179 averaged.","Bounded in [0, 1] only when numerator and denominator count the same unit on the same basis; a value above 1 means they do not, most often because one converter was credited with several conversions against a single click. Confirm the conversion window is the same across any campaigns being compared.","Conversion over impressions, over sessions, and over recipients are all in circulation. They are different metrics, not different estimates of one.","Chapter 1, Section 1.10"
B.5.5,cpc,Cost per click (CPC),B.5,"Acquisition, media, and campaign",What did each click cost?,spend / clicks,Media spend on the campaign,Clicks on the same campaign,The campaign window,One campaign; a campaign with zero clicks has an undefined cost per click,One campaign,Dollars per click,"spend, clicks","An auction-efficiency measure. Low cost per click with low conversion buys traffic, not customers.","Letting a zero denominator produce an infinite value. A rate over nothing is undefined, not infinite, and a table full of inf is a denominator problem wearing a printing error.",Recompute from pooled totals when aggregating; never average campaign-level rates.,,"Chapter 5, Section 5.7"
B.5.6,cpm,Cost per thousand impressions (CPM),B.5,"Acquisition, media, and campaign",What did it cost to reach the audience a thousand times?,"spend / impressions x 1,000",Media spend,"Impressions, scaled to thousands",The campaign window,One campaign,One campaign,Dollars per thousand impressions,"spend, impressions",A buying-price measure that says nothing about response. Chapter 1's Clearance campaign runs at $139.71 against New Arrivals at $34.62.,Comparing cost per thousand across channels whose impression definitions differ. A video impression and a display impression are not the same event.,Confirm the factor of one thousand is applied once. Recompute from pooled totals when aggregating.,,Appendix B; the book computes spend and impressions but does not name this ratio
B.5.7,cost_per_conversion,Cost per conversion,B.5,"Acquisition, media, and campaign",What did each conversion cost in advertising?,ad_spend / conversions,Advertising spend on the campaign,Conversions attributed to the same campaign,The campaign window plus the conversion window,"One campaign; advertising spend only, excluding creative production and agency fees. A campaign with zero conversions has an undefined cost per conversion and is reported separately.",One campaign,Dollars per conversion,"ad_spend, conversions","A campaign-level efficiency measure. It is not customer acquisition cost, because a conversion is not necessarily a new customer.",Reading it as acquisition cost. Repeat purchases convert too.,"Recompute from pooled totals when aggregating. Confirm the spend column excludes non-media cost, or rename it.",,"Chapter 1, Exercise 1.4"
B.5.8,cac,Customer acquisition cost (CAC),B.5,"Acquisition, media, and campaign",What did it cost to acquire one new customer?,Acquisition spend / customers acquired,"Acquisition spend, on a stated cost basis","Customers acquired, on a stated definition of acquired","A stated window, with the window and the definition of acquired doing most of the work",Stated channel and campaign attribution rules,"One acquired customer, reported for a cohort",Dollars per customer,"spend, customer_id, signup_date or first order_date","The most reliably contested marketing metric, because two defensible cost bases produce two very different numbers and each answers a different question.","Comparing a campaign-attributed figure against a fully loaded one. Marketing's number - campaign spend over attributed new customers - is usually and sometimes substantially smaller than finance's, which divides total sales and marketing expense by every new customer, attributed or not.","State the cost basis, the attribution rule, and the definition of acquired in the same place as the number. If the organization cannot state all three, that is the finding.",Campaign cost per acquisition against fully loaded customer acquisition cost. Neither is wrong; they are different metrics and must not be compared.,"Chapter 5, Section 5.7; the dispute is set out in Chapter 3, Section 3.12.2"
B.5.9,roas,Return on ad spend (ROAS),B.5,"Acquisition, media, and campaign",How much revenue came back for each advertising dollar?,revenue / ad_spend,Revenue attributed to the campaign,"Advertising spend on the campaign, excluding creative production and agency fees",The campaign window plus the attribution window,One campaign; a campaign with zero advertising spend has an undefined return on ad spend and is reported separately rather than assigned an infinite value,One campaign,Ratio,"revenue, ad_spend","Attributed, not incremental. Return on ad spend answers what revenue was credited to the campaign, not what revenue the campaign caused.","Two distinct failures. First, ignoring margin: Chapter 1's Clearance campaign returns 2.46 on revenue and destroys $5,288 of contribution. Second, reading it causally: an attributed figure becomes an incremental one only through an experiment or a designed holdout.",Recompute from pooled totals when aggregating; the four campaigns pool to 5.79 against an average of 12.33. Then compute net contribution after advertising spend beside it.,"Incremental return on ad spend, measured against a randomized or geographic holdout, is a different and stronger quantity. Use the word incremental only when the evidence supports it.","Chapter 1, Section 1.10"
B.5.10,attributed_orders,Attributed orders,B.5,"Acquisition, media, and campaign",How many orders were credited to a campaign?,Count of distinct order_id among lines carrying the campaign_id,Distinct orders carrying the campaign identifier,None - it is a count,Stated period,"Lines with a non-null campaign_id; a null campaign_id may mean unattributed or may mean attribution failed, and the two look identical in the file",One campaign,Count of orders,"order_id, campaign_id","The product of an attribution rule, not an observation. An attributed order may be credited on a view rather than a click.","Dropping null campaign_id rows before computing campaign performance, which assumes every null is a legitimate non-attribution.",Attributed orders summed across campaigns must not exceed the distinct order count of the file. An order carrying two campaign identifiers would be counted once under each while that reconciliation still passed.,,"Chapter 5, Section 5.8"
B.5.11,attribution_window,Attribution (conversion) window,B.5,"Acquisition, media, and campaign",How long after an interaction may a conversion still be credited to it?,"A declared number of days following a click, view, or engaged view",Not applicable - it is a parameter of other metrics,Not applicable,It is the window,Set per conversion action and per platform,Applies to every attributed metric downstream,Days,"A platform setting, recorded alongside every attributed figure",A configuration value with a budget attached. Shortening it reduces the conversions the account records; the customers do not change.,"Comparing channels measured on different windows. Every platform ships its own defaults, so this happens easily and the comparison is not close to fair.",Record the window beside every attributed figure and refuse to compare channels whose windows differ.,,"Chapter 3, Section 3.12.3"
B.6.1,delivery_rate,Delivery rate,B.6,CRM and engagement,What share of messages reached an inbox?,delivered / sent,Messages accepted by the receiving server,Messages sent,"The send, or a stated period of sends","One send, or a stated roll-up",One send,Percentage,"sent, delivered",The denominator every downstream engagement rate should probably use.,"Ignoring it, and then computing open rate on sends without saying so.","Delivery rate and bounce rate sum to 1 only once every message in the send has reached a final delivered-or-bounced status and the denominator excludes suppressed, pending, and otherwise unresolved records. State that condition, or state the share still unresolved.",,Appendix B; the book names deliverability but catalogs no formula
B.6.2,bounce_rate,Bounce rate,B.6,CRM and engagement,What share of messages failed to reach an inbox?,bounced / sent,"Messages rejected, hard or soft",Messages sent,The send,One send; state whether hard and soft bounces are combined,One send,Percentage,"sent, bounced",A list-health measure. A rising bounce rate is a data-quality finding before it is a marketing one.,"Combining hard and soft bounces silently, which hides a list-decay signal inside a transient one.","Bounce rate and delivery rate sum to 1 only under the condition stated in the delivery-rate entry: every message resolved, and no suppressed or pending records in the denominator.",,Appendix B
B.6.3,open_rate,Open rate,B.6,CRM and engagement,What share of recipients opened the message?,Unique opens / delivered. The headline definition counts unique opens; total opens is a different numerator and a different metric,Unique opens — one per recipient who opened at least once,"Delivered messages, or sent messages - these are different denominators","The send, plus a stated attribution period for late opens","One send, or a stated roll-up",One send,Percentage,"unique_opens, delivered, sent","A weak behavioral measure. Technical privacy protections pre-fetch images on the recipient's behalf, so an open may record no human attention at all.","Circulating three denominators under one name. On the worked example, 2,688 opens is 28.0 percent of delivered and 26.9 percent of sent - both correct, and not the same metric.","Bounded in [0, 1] for the unique-open form only. A total-open rate is not bounded by 1, because one recipient can open repeatedly, and it should be reported as opens per delivered message rather than as a percentage. State the base — sent or delivered — in the same sentence, and never compare an open rate across a period in which the platform changed its open measurement.","Unique opens over delivered is the headline. Unique opens over sent is defensible and systematically smaller. Total opens over delivered is a different quantity altogether: it counts events rather than recipients, has no upper bound of 1, and must not be labeled a rate alongside the other two.","Chapter 5, Section 5.7"
B.6.4,click_rate,Click rate,B.6,CRM and engagement,What share of recipients clicked?,Unique clicks / delivered. The headline definition counts unique clicks; total clicks is a different numerator and is not bounded by 1,Unique clicks — one per recipient who clicked at least once,"Delivered, or sent","The send, plus a stated attribution period","One send, or a stated roll-up",One send,Percentage,"unique_clicks, delivered, sent","A stronger behavioral signal than open rate, because it is harder to trigger without intent.","Comparing a click rate computed on delivered against one computed on sent. On the worked example, 384 clicks is 4.00 percent of delivered and 3.84 percent of sent.","Bounded in [0, 1] for the unique-click form only; a total-click count per delivered message has no upper bound of 1. Do not assume the click rate cannot exceed the open rate: a click can be recorded when the open-tracking pixel was blocked or never fired, so the ordering is an expectation rather than a guarantee, and a reversal is a tracking finding rather than an arithmetic error.",,"Chapter 5, Section 5.7"
B.6.5,ctor,Click-to-open rate (CTOR),B.6,CRM and engagement,"Of the people who opened, how many clicked?",Unique clicks / unique opens,Unique clicks,Unique opens,The send,One send,One send,Percentage,"unique_clicks, unique_opens","A content and offer measure, holding the subject line constant. On the worked example, 384 over 2,688 is 14.3 percent.","Reading it as an engagement rate on the list. Its denominator is opens, which are themselves an unreliable count.","Bounded in [0, 1]. Because opens are inflated by automatic pre-fetching, this rate is deflated by the same mechanism.",,Appendix B
B.6.6,unsubscribe_rate,Unsubscribe rate,B.6,CRM and engagement,What did this message cost in permission?,Unsubscribes / delivered,Unsubscribe events attributed to the send,Delivered messages,"The send, plus a stated attribution period",One send,One send,Percentage,"unsubscribes, delivered",A guardrail rather than a performance measure. A campaign that wins on click rate and loses permission has not won.,Omitting it from a campaign readout because it is small. The cost is cumulative and irreversible.,"Bounded in [0, 1]. Where the field is not instrumented, say so: a preregistered guardrail that cannot be calculated is a design defect, not a minor gap.",,"Chapter 11, Table 11.3, where it is named as an instrumentation obligation"
B.6.7,opt_in_rate,Opt-in rate,B.6,CRM and engagement,What share of customers have consented to be contacted on this channel?,Customers with the channel's consent flag set / customers in the stated population,"Customers with email_opt_in true, or with sms_opt_in true — one channel at a time, never combined",Customers in the stated population,"A point in time, as of a stated date",Stated population; one named channel,"One customer, reported for a population",Percentage,"email_opt_in or sms_opt_in, customer_id","A permission measure. Because a Boolean is stored as 1 and 0, its mean is a legitimate and useful quantity.","Folding app_user into this rate. Installing an application is not consent to be contacted, and the two belong in separate entries; see the app-user share below. A second failure is reading opt-in as interest, when it may measure the aggressiveness of the signup flow in force when the customer joined.","Bounded in [0, 1]. Confirm the flag is genuinely Boolean and that missing values have not been coerced to false. Report one channel per figure.",,"Chapter 3, Section 3.4.1"
B.6.8,app_user_share,App-user share,B.6,CRM and engagement,"What share of customers have the mobile application, as of today?",Customers with app_user true / customers in the stated population,Customers with app_user true,Customers in the stated population,"A point in time, as of a stated date. This is a stock, not a flow: it is not an adoption or activation rate over a window.",Stated population,"One customer, reported for a population",Percentage,"app_user, customer_id",A reachability measure and a strong behavioral correlate — Chapter 7 spends a whole section on why that correlation is not an effect.,"Treating it as consent, or as an adoption rate. app_user records installation at a point in time; it carries no permission and no date, so a change between two extracts cannot be attributed to a period.","Bounded in [0, 1]. State the as-of date, since the field is overwritten rather than versioned.",,Appendix B; the guide uses app_user as a feature and a holdout but catalogs no share
B.7.1,stage_count,Stage count,B.7,Funnel,How many units reached this stage?,Count of units meeting the stage's membership rule,Units at the stage,None - it is a count,"A single stated window, identical across every stage","A stated membership rule per stage, and a stated event-order requirement","The funnel's unit - session, visitor, customer, or lead. One unit for the whole funnel.",Count,"Whatever the stage rules require, plus a stage timestamp","Every stage of a funnel must count the same kind of thing. Sessions, clicks, and orders are three different units, not three stages.",Building a funnel whose stages count different units and calling the last figure a conversion rate.,"Each stage's count must be no greater than the stage above it, once the event-order requirement is enforced.",,"Chapter 5, Section 5.8"
B.7.2,step_conversion,Stage-to-stage conversion rate,B.7,Funnel,"Of the units that reached this stage, how many reached the next?",Count at this stage / count at the previous stage,Units at this stage,Units at the immediately preceding stage,"One window, shared by both stages",Shared membership rules; both stages must count the same unit,The funnel's unit,Percentage,Stage counts,"Localizes the loss. On the worked funnel, carts to orders converts at 40.0 percent while sessions to product views converts at 30.0 percent.",Quoting a step rate and a cumulative rate under one word. A reader told one while imagining the other is misinformed by true numbers.,"Bounded in [0, 1]. The product of the step rates must equal the cumulative rate at the bottom: 0.300 x 0.250 x 0.400 = 0.030.",,"Chapter 5, Section 5.8"
B.7.3,cumulative_conversion,Cumulative (overall) conversion rate,B.7,Funnel,"Of everyone who entered, how many finished?",Count at this stage / count at the top of the funnel,Units at this stage,Units at the funnel's top stage,One window,Shared membership rules,The funnel's unit,Percentage,Stage counts,The end-to-end figure. On the worked funnel it is 3.0 percent from session to order.,"Computing it across stages drawn from different populations or periods, or dividing orders by impressions and calling the result a funnel conversion rate. Impressions are advertising delivery, not funnel entrants.","Must equal the product of the step rates. If it does not, a stage is counting a different unit.",,"Chapter 5, Section 5.8"
B.7.4,dropoff_rate,Drop-off rate,B.7,Funnel,What share of units were lost at this step?,1 − stage-to-stage conversion rate,Units that reached the previous stage and not this one,Units at the previous stage,One window,Shared membership rules,The funnel's unit,Percentage,Stage counts,"The complement of the step rate, and often the more actionable framing.",Adding drop-off rates across steps. They are computed on different denominators and do not sum.,Drop-off and step conversion must sum to 1 at every step.,,Appendix B; the book computes step rates but does not name the complement
B.8.1,segment_size,Segment size,B.8,Segmentation and targeting,How many customers are in this segment?,Count of customers assigned to the segment,Customers in the segment,None - it is a count,The window in which the segmenting features were built,"The declared segmentation population - at StyleCraft, customers with at least one order in the window",One segment,Count of customers,"customer_id, the segment assignment","Sizes are findings, not footnotes: size is the first row of the profile.","Treating size alone as substantiality. Whether a segment is worth serving is a threshold question about whether differentiated execution pays, not a headcount test.",Segment sizes must sum to the population that was segmented.,,"Chapter 6, Section 6.10"
B.8.2,customer_share,Segment share of customers,B.8,Segmentation and targeting,What portion of the base does this segment represent?,Customers in the segment / customers in the segmented population,Customers in the segment,"Customers in the segmented population, which is not the same as the customer file",The feature window,The declared segmentation population,One segment,Proportion,"customer_id, the segment assignment","On the practice file, NYC Suburban holds 37.5 percent of customers and 45.8 percent of revenue.",Quoting the share against the whole customer file when the segmentation excluded non-purchasers.,Shares must sum to 1.,,"Chapter 6, Section 6.11"
B.8.3,revenue_share,Segment share of revenue,B.8,Segmentation and targeting,What portion of revenue does this segment produce?,Segment revenue / total revenue in the window,Revenue of the segment's customers,Total revenue of the segmented population,The feature window,The declared segmentation population,One segment,Proportion,"line_revenue, customer_id, the segment assignment",Read beside the customer share. A segment holding a fifth of customers and a half of revenue is a different proposition from one holding both.,"Reporting a segment revenue share that does not add back to the certified window total, which means customers were lost between the feature table and the summary.","Shares must sum to 1, and segment revenues must sum to the certified window revenue.",,"Chapter 6, Section 6.11"
B.8.4,rfm_scores,"RFM scores (R, F, M)",B.8,Segmentation and targeting,"Where does this customer rank on recency, frequency, and spending?","Quintile scores from 1 to 5 on recency and monetary value, with recency reverse-scored; frequency scored in declared bands where the data will not support five equal-count bins",Rank position within the scored population,"Five bins, equal-count for quintiles and declared-threshold for bands",The declared analysis window,The scored population; every customer with the same frequency must receive the same frequency score,One customer,"Ordinal score, unitless","recency_days, frequency, monetary","Scores preserve rank, not level. The top monetary quintile exists even when spending has fallen for every customer in the base.","Forcing five equal-count frequency bins on a lumpy count. Where a large share of customers have exactly one order, quintiles either fail outright or split identical customers on row order, which carries no behavioral content.","Assert that customers sharing a frequency share a score. Report the cut points beside the scores, since the scores are not comparable across periods or populations without them.",Monetary value may be scored on total revenue or on average order value. Total rewards frequent modest baskets; average rewards rare large ones.,"Chapter 6, Section 6.5"
B.8.5,rfm_region,RFM grid region,B.8,Segmentation and targeting,Which named behavioral region does this customer fall in?,"A published lookup from the (R, F) score pair to a named region","Not applicable - a lookup, not a ratio",Not applicable,The declared analysis window,The scored population,One customer,Categorical label,R and F scores,"The grid sees exactly three behaviors and draws its regions on two of them, so the largest-spending customer can land in an at-risk region.","Publishing a grid with gaps or overlaps, which lets two analysts apply the same rules and reach different assignments.",Assert the grid is exhaustive and mutually exclusive over all twenty-five score pairs.,,"Chapter 6, Section 6.5"
B.8.6,silhouette,Silhouette score,B.8,Segmentation and targeting,How cleanly separated is a clustering solution?,"For each customer, the comparison of average distance to its own cluster against average distance to the nearest other cluster, averaged over customers",Not applicable - a scaled comparison,Not applicable,The feature window,The standardized clustering inputs,"One customer, then averaged across the solution",Unitless score between -1 and +1,The standardized feature matrix and the cluster assignment,"Near +1 means snugly placed, near 0 means on a boundary, negative means arguably misassigned.","Obeying it. The silhouette often crowns the coarsest cut, because the coarsest cut is the cleanest, even when finer structure is real and strategically necessary.","Report it beside the inertia curve and the business constraint on the number of treatments. It grades geometry only: a high score says the partition is clean, not that its groups are marketing segments.",,"Chapter 6, Section 6.9"
B.8.7,ari,Adjusted Rand index (ARI),B.8,Segmentation and targeting,Do two clustering solutions agree about which customers belong together?,"Over all pairs of customers, how often two solutions agree about whether the pair belongs together, corrected for the agreement expected by chance",Not applicable - a chance-corrected pairwise agreement,Not applicable,The feature window,The customers both solutions saw,"One pair of customers, summarized per pair of partitions","Index, unitless; 1.0 for identical partitions, near 0 for chance-level agreement, and negative for less agreement than chance, with a lower bound of −0.5",Two cluster assignments over the same customers,"Invariant to relabeling, which is why it replaces cross-tabulating dominant cells. Used for three distinct questions: stability across seeds, sensitivity to the feature set, and recovery of a designed answer key.",Reading reproducibility as meaning. High agreement establishes that the partition is reproducible; it does not establish that the groups are marketing segments.,A solution compared with itself must return exactly 1.0; assert it as a control before trusting any other value.,,"Chapter 6, Section 6.10"
B.8.8,inertia,Inertia (within-cluster sum of squares),B.8,Segmentation and targeting,How tightly do customers sit around their assigned cluster centers?,Total of squared distances from customers to their assigned centroids,Not applicable - a sum of squared distances,Not applicable,The feature window,The standardized clustering inputs,One clustering solution at a given number of clusters,"Squared standardized distance, unitless",The standardized feature matrix and the fitted model,Its level is uninformative; its shape across candidate cluster counts is the signal. It reaches zero at one cluster per customer.,"Citing low inertia as validation. It is a fit statistic, not evidence that the partition means anything.",Expect it to fall and flatten. A rise at a higher cluster count is a warning to inspect initialization and convergence rather than a finding.,,"Chapter 6, Section 6.8"
B.8.9,centroid,Cluster centroid,B.8,Segmentation and targeting,What does the typical member of this cluster look like?,"The mean of the cluster's members on every clustering feature, read in standardized units and then in native units",Sum of feature values within the cluster,Customers in the cluster,The feature window,"The clustering features only; profiling attributes are read after assignment, never used as inputs",One cluster on one feature,"Standard deviations, then the feature's own units",The standardized feature matrix and the cluster assignment,A centroid of -0.8 on recency means the cluster buys more recently than average by four fifths of a standard deviation.,"Reading a centroid as a description of every member. Cluster means are means: a monetary centroid can be propped by a few large customers, so spreads and medians travel with it.",Recompute the centroids as group means of the standardized features and confirm they match the fitted model's. A cluster whose mean contradicts its own median is not one story.,,"Chapter 6, Section 6.10"
B.9.1,pearson_r,Pearson correlation coefficient (r),B.9,Regression and predictive-model evaluation,"How strongly, and in which direction, do two quantities move together?",Sample covariance of the two variables / the product of their two sample standard deviations,Sample covariance,Product of the two sample standard deviations,The window in which both variables were measured,"Complete pairs. Software computes each cell of a correlation matrix over the rows complete for that pair, so one partly missing column produces a matrix whose cells describe different populations while presenting them as one exhibit.","The grain at which both variables were measured - state it, because r computed over stores and r computed over customers are different quantities","Unitless, between -1 and +1",Two numeric variables measured for the same observational cases and at the same grain,"A linear, symmetric, pairwise association. It is not directional, so 'drivers' language does not follow from it.",Reading a correlation near 0.9 on individual behavior as a triumph. Near-perfect r usually means the two columns are the same fact wearing two names.,Undefined when either variable has zero variance; software returns a missing value rather than zero. Always plot the scatter: identical statistics do not mean identical evidence.,Population covariance divides by n and sample covariance by n − 1. Correlation is invariant to the choice; covariance is not.,"Chapter 7, Section 7.3"
B.9.2,r_squared,R-squared,B.9,Regression and predictive-model evaluation,How much of the outcome's variation does this model account for on this data?,"1 − (residual variation / total variation), where total variation is the sum of squared deviations of the outcome around its own mean","Residual sum of squares, subtracted from 1 as a ratio",Total sum of squares around the outcome's mean,The model's own estimation sample,"In-sample, with an intercept, on the same observations, for nested models",One model,Proportion under the stated conditions; it is not bounded below by zero out of sample,Fitted values and actual outcomes,"A measure of fit to this data. It is not a percentage of predictions that were right, and it is not accuracy.","Reading a rising R-squared as a better model. Because it cannot decrease when a variable is added, a rise is not by itself evidence of anything. An R-squared above roughly 0.9 on individual customer behavior should be treated as a defect report rather than a result.","Confirm the model carries an intercept, since the uncentered version computed without one is not comparable and is routinely larger. Out of sample the statistic can go negative, which is a sign that it is not a percentage of anything.",,"Chapter 7, Section 7.7"
B.9.3,coefficient,Regression coefficient,B.9,Regression and predictive-model evaluation,"How much does the outcome differ, per unit of this predictor, holding the model's other predictors fixed?","The fitted slope from ordinary least squares; for a dummy, the difference against the reference category",Not applicable - a fitted parameter,Not applicable,The estimation window,The estimation sample; adding or removing a predictor changes every other coefficient's meaning,"One predictor, in outcome units per predictor unit","Outcome units per predictor unit; for a dummy, outcome units relative to the reference",The design matrix and the outcome,"A coefficient is not read until its units are said aloud. Ceteris paribus means other included things equal, and a perfectly adjusted difference is still an association.","Reading a dummy coefficient as a level. The wrong sentence is 'the model shows Suburban Occasion customers spend $X'; the coefficient is dollars relative to the reference category, not dollars absolutely.","Check sign, magnitude, units, and reference category against the descriptive figures the same data produced. Report the coefficient and its interval from the same fit.",,"Chapter 7, Section 7.8"
B.9.4,conf_int_coefficient,Confidence interval for a coefficient,B.9,Regression and predictive-model evaluation,How precisely is this association estimated?,"The fitted coefficient plus and minus a multiple of its standard error, at a stated confidence level",Not applicable,Not applicable,The estimation window,The estimation sample; robust and non-robust standard errors give different intervals from identical coefficients,One coefficient,Outcome units per predictor unit,The coefficient and its standard error,"At large sample sizes nearly everything clears conventional significance, so the interval's width separates a great deal that the p-value separates hardly at all.",Quoting the coefficient from one fit and the p-value from another. Robust standard errors change the interval and leave the coefficient and the fitted values unchanged; mixing them answers two questions at once.,The point estimate must lie inside its own interval. State the confidence level and the standard-error type.,,"Chapter 7, Section 7.10"
B.9.5,p_value,p-value,B.9,Regression and predictive-model evaluation,"How surprising is this estimate, if the stated null hypothesis and model are correct?","The probability, assuming the null and the model, of a test statistic at least as extreme as the one observed",Not applicable,Not applicable,The estimation window,"The stated null hypothesis, which for a coefficient is that it equals zero given the model's other variables",One hypothesis test,Probability between 0 and 1,The test statistic and its reference distribution,"A measure of surprise under the null. It is not the probability that a hypothesis is true, statistical significance is not practical significance, and no single p-value should by itself determine a conclusion.","Reading small as important. On eight thousand customers, near-trivial associations clear the conventional threshold easily.","Report it beside the effect size and the interval, never alone.",,"Chapter 7, Section 7.10"
B.9.6,mae,Mean absolute error (MAE),B.9,Regression and predictive-model evaluation,By how much does a numeric prediction typically miss?,The mean of the absolute differences between actual and predicted values,Sum of absolute errors,Number of evaluated cases,The outcome window of the evaluated cases,"Evaluated out of sample; on the test set for the final grade, and on training folds during development","One prediction, averaged over the evaluated population",The target's own units - dollars for a spend target,Actual and predicted values,"The typical miss, with every error weighted equally. On the worked example the model misses by $14.00 against a mean baseline that misses by $36.88.","Reporting a distance metric alone for a ranking decision, which quietly substitutes a question the analyst can answer for the one the business asked.","Lower is better, so a value far below the baselines is the suspicious result and far above is the broken one. Compare against the strongest applicable baseline on the same folds.",,"Chapter 8, Section 8.6"
B.9.7,rmse,Root mean squared error (RMSE),B.9,Regression and predictive-model evaluation,"By how much does a numeric prediction miss, weighting large misses more heavily?",The square root of the mean squared difference between actual and predicted values,"Sum of squared errors, square-rooted after averaging",Number of evaluated cases,The outcome window,Evaluated out of sample,"One prediction, averaged over the evaluated population",The target's own units,Actual and predicted values,"The squaring is the policy: it weights a single $300 miss like nine separate $100 misses. RMSE materially above MAE announces that error is concentrated in a few large misses. On the worked example, $17.36 against an MAE of $14.00.",Switching to RMSE after losing on the declared metric. A candidate that wins on RMSE after losing on the declared capture and MAE has not won; the goalposts have moved.,RMSE is always at least MAE on the same predictions. Training RMSE cannot rise as nested terms are added; training MAE carries no such guarantee.,,"Chapter 8, Section 8.6"
B.9.8,mse,Mean squared error (MSE),B.9,Regression and predictive-model evaluation,"By how much does a numeric prediction miss, in squared units?",The mean of the squared differences between actual and predicted values; the square of the RMSE on the same predictions,Sum of squared errors,Number of evaluated cases,The outcome window,"Evaluated out of sample, on the same cases as any metric it is compared with","One prediction, averaged over the evaluated population","The square of the target's units — squared dollars for a spend target, which is why the guide reports RMSE instead",Actual and predicted values,"Cataloged because the syllabus names it among the session outcomes, not because the guide reports it. It ranks candidate models identically to RMSE, since the square root is monotone.","Quoting it in a deliverable. Squared dollars are not a quantity any stakeholder can price, and the same information in readable units is one square root away.","MSE must equal the square of the RMSE on the same predictions. Where an assignment asks for MSE, report RMSE beside it.",,Appendix B; the syllabus asks for it and no chapter defines it
B.9.9,baseline,Baseline score,B.9,Regression and predictive-model evaluation,What does the simplest defensible rule achieve under identical conditions?,The mean baseline predicts the training mean for everyone; the majority-class baseline predicts the most common class; the last-value baseline predicts that the previous window repeats,Not applicable,Not applicable,The candidate's own evaluation window,"Exactly the candidate's conditions: same folds, same test set, same metric. The mean must be computed from training labels, never test labels.",Matches the candidate,Matches the candidate's metric,"Training labels, and for the last-value rule the prior window's outcome","The last-value rule is not a strawman; it is the incumbent, and the sorted spreadsheet costs nothing.","Choosing the baseline after the results, which allows a baseline to be chosen to lose.",Declare the baseline before fitting. Computing the mean baseline from test labels hands it a summary of the answers.,,"Chapter 8, Section 8.7"
B.9.10,margin_over_baseline,Margin over baseline,B.9,Regression and predictive-model evaluation,What did the model add over the rule it must beat?,"A signed difference from baseline, stated in the direction in which improvement is positive. For loss metrics such as MAE and RMSE, baseline score − candidate score; for gain metrics such as capture, candidate score − baseline score. Computed on the same folds and the same test set, and preferably as a paired per-fold difference reported with its spread and its count of folds won","The improvement on the shared metric, signed so that a positive value always means the candidate is better",Not applicable,Shared evaluation window,Identical population and folds,One candidate against one baseline,The metric's own units,"Both scores, computed identically","A model's demonstrated value is its margin over the strongest applicable baseline, not its raw score. An MAE of $54 is good if the best naive rule scores $80 and embarrassing if it scores $55.","Subtracting in the wrong direction. Because half the metrics in this appendix improve downward and half improve upward, a single subtraction order cannot serve both, and a margin reported without its direction is unreadable. Separately: a margin smaller than the fold-to-fold spread of the metric it is measured on is not yet a finding.","State which direction represents improvement in the same sentence as the number, and confirm the sign: a model that beats its baseline must produce a positive margin under either convention. Pair fold by fold: folds differ in difficulty, so subtracting the baseline within each fold cancels that and the spread of the differences shows whether the candidate reliably wins or merely averages well.",,"Chapter 8, Section 8.9"
B.9.11,capture,Capture at a selection share,B.9,Regression and predictive-model evaluation,"Of the outcome the population produced, how much did the customers we could afford to treat account for?","Actual outcome of the top-k customers ranked by predicted score / actual outcome of the whole evaluated population, where k is the capacity divided by the population size",Actual outcome-window value of the top-k ranked customers,Actual outcome-window value of the whole evaluated population,The outcome window for the actuals; the snapshot for the ranking,The evaluated population; ties broken deterministically so the marginal name does not change between the analysis and the campaign build,"One ranked list, reported at the population level",Percentage of outcome,"Predicted scores, actual outcomes, a customer key, and a declared capacity","The decision metric when the program can treat only a fixed number of customers. Higher is better, which is the opposite direction from MAE and RMSE.",Reading a capture gap as revenue the program will generate. It says the customers the model selected turned out to spend more than the customers the spreadsheet selected; it says nothing about what either group would have spent untreated.,"A constant score carries no ranking information, so its capture is decided entirely by row order - which is why the mean baseline must break ties on a declared random draw. Compute the selection share from capacity rather than typing a proportion.",,"Chapter 8, Section 8.6"
B.9.12,selection_share,Selection share,B.9,Regression and predictive-model evaluation,What fraction of the scorable population can the program actually treat?,Program capacity / the population the model can honestly score,Funded treatment slots,"The eligible, scorable population",As of the scoring run,The declared eligibility rule,"One program, one population",Proportion,A declared capacity and the eligible population count,"Capacity is a count, not a proportion: it does not grow if the eligible population turns out to be larger. The share is computed rather than typed.","Typing a proportion, which nobody re-derives when the population changes.",Recompute whenever the eligibility rule changes. It is also the capture floor that random ordering achieves in expectation; any single realized random list scatters around it.,,"Chapter 8, Section 8.6"
B.10.1,base_rate,Base rate,B.10,Classification and ranked targeting,How common is the outcome we are trying to find?,Positive cases / evaluated cases,Cases in the positive class,All evaluated cases,The outcome window,The declared eligible population,"One case, reported for a population",Proportion,The label,The single most important number in a classification project and the one most reliably missing from celebrated results. It is a constructed number: a fact about the population under this label definition.,"Reporting any classification metric without it. Accuracy, precision, and lift are uninterpretable in its absence.",No classification result leaves the workspace without its base rate in the same exhibit. A drifting base rate silently re-prices the threshold even when the ordering holds.,,"Chapter 9, Section 9.2"
B.10.2,confusion_matrix,"Confusion-matrix counts (TP, FP, FN, TN)",B.10,Classification and ranked targeting,"At this threshold, who did the model reach, miss, and correctly leave alone?",Cross the actual class against the predicted class at a stated threshold; every evaluated case lands in exactly one of four cells,Not applicable - four counts,Not applicable,The outcome window,"The evaluated set, at one stated threshold",One case; the four counts describe the evaluated set,Counts,"Predicted class at a stated threshold, and the actual label","Every threshold-dependent classification metric is an arithmetic summary of these four counts, and changing the threshold changes the matrix. In campaign language: offer sent and customer was leaving; offer sent and customer was staying; no offer and customer left; no offer and customer stayed.","Pasting a matrix into a deck without re-adding it. A matrix that does not sum is a pasted matrix, and pasted matrices are how wrong numbers reach decks.","Assert that the four counts sum to the evaluated set, then recompute precision and recall from the raw counts.",,"Chapter 9, Section 9.6"
B.10.3,accuracy,Accuracy,B.10,Classification and ranked targeting,What share of cases did the model classify correctly?,(True positives + true negatives) / all evaluated cases,Correctly classified cases,All evaluated cases,The outcome window,"The evaluated set, at one stated threshold","One case, reported for the evaluated set",Proportion,Predicted class and actual label,Under imbalance it is dominated by the model's performance on the class nobody is asking about.,"Using it as a headline. On the worked ten-customer file, accuracy is 0.70 at both the 0.50 and the 0.30 threshold, while expected net value moves from $32 to $48 - accuracy has failed to detect a difference the program will pay for.","Report it only beside the base rate and the majority-class baseline, and compute the margin between them.",,"Chapter 9, Section 9.6"
B.10.4,precision,Precision,B.10,Classification and ranked targeting,"Of the customers we treated, how many were the real thing?",True positives / (true positives + false positives),True positives,"All predicted positives - that is, everyone treated",The outcome window,"The evaluated set, at one stated threshold","One case, reported for the evaluated set",Proportion,Predicted class and actual label,"The purity of the target list. On the worked file, precision of 0.50 means half the retention budget landed on customers who were staying anyway.","Quoting precision and recall achieved at different thresholds, or quoting either without its threshold. Precision is undefined when nothing is treated, and must be reported as undefined rather than as zero.","Bounded in [0, 1]. Recompute from the raw counts. A low precision at a deliberately low threshold is by design, not a failure.",,"Chapter 9, Section 9.7"
B.10.5,recall,Recall (true positive rate),B.10,Classification and ranked targeting,"Of the customers who really were leaving, how many did we reach?",True positives / (true positives + false negatives),True positives,All actual positives,The outcome window,"The evaluated set, at one stated threshold","One case, reported for the evaluated set",Proportion,Predicted class and actual label,"Coverage of the at-risk class. On the worked file, recall of 0.67 at the 0.50 threshold means a third of the departing customers walked out untreated.","Reading it without precision. The two move in opposite directions as the threshold falls, so either alone can be made to look good.","Bounded in [0, 1]. Recall and the false negative rate must sum to 1.",,"Chapter 9, Section 9.7"
B.10.6,f1,F1 score,B.10,Classification and ranked targeting,"How do precision and recall trade off, weighted equally?",2 x precision x recall / (precision + recall) - the harmonic mean,Twice the product of precision and recall,Their sum,The outcome window,"The evaluated set, at one stated threshold",One evaluated set,"Unitless, between 0 and 1",Precision and recall,"Harmonic rather than arithmetic, so it punishes imbalance between the two: precision 0.9 with recall 0.1 posts an F1 near 0.18, not a flattering 0.5.","Optimizing it and calling the result optimal. It weights the two errors equally, and the entire threshold apparatus exists because the two errors are not equally priced.","Bounded in [0, 1]. Use it only where costs are genuinely unpriced, and treat that as a temporary condition.",,"Chapter 9, Section 9.7"
B.10.7,fpr_fnr,False positive rate and false negative rate,B.10,Classification and ranked targeting,"How are the model's errors distributed across the two classes, and across groups?",False positive rate = false positives / all actual negatives. False negative rate = false negatives / all actual positives,"False positives, or false negatives","All actual negatives, or all actual positives",The outcome window,The evaluated set at the threshold the program will actually use; reported per group in a fairness screen,"One evaluated set, or one group within it",Proportion,"Predicted class, actual label, and the grouping attribute","The pair a fairness screen compares across groups, at the operating threshold rather than on average scores.",Computing them on small groups. A fairness appendix that reports a 0.00 false negative rate on a group of nine has produced noise with a decimal point.,"Report the group size beside every rate. This guide screens out groups below roughly fifty cases, which is a course convention rather than a statistical boundary: the precision of a group's error rates depends on how many positives and negatives it holds, not on its total size alone.",,"Chapter 9, Section 9.12.10"
B.10.8,auc,ROC AUC,B.10,Classification and ranked targeting,"How well does the model order cases, independent of any threshold?","The area under the curve traced by the true positive rate against the false positive rate across the full threshold sweep; equivalently, the probability that a randomly chosen positive outranks a randomly chosen negative, with ties counted as half",Not applicable - an area,Not applicable,The outcome window,Cross-validated on training folds during development; once on the sealed test set for the grade,One model on one population,"Unitless, between 0 and 1; 0.5 is chance",Continuous scores and the actual label,"A ranking measure and a poor sole criterion. A model with the highest overall AUC can be inferior in the top two deciles, inferior near the operating threshold, worse calibrated, and worth less money.",Comparing a binary flag's AUC with a continuous score's. A flag has one nontrivial operating point and the two figures are not comparable. Separately: an AUC far above what the label definition and honest baselines would support is a leak until proven otherwise.,Assert that a constant-score classifier returns 0.5. Multiplying every score by a constant leaves AUC unchanged while breaking every economic calculation built on those scores.,,"Chapter 9, Section 9.8"
B.10.9,calibration,Calibration (reliability) check,B.10,Classification and ranked targeting,Do the model's predicted probabilities match observed event frequencies?,"Within score bins, compare the mean predicted probability against the observed positive rate; report the difference and the count in each bin",Observed positives within the bin; dividing by the bin's case count gives the observed positive rate,Cases in the bin,The outcome window,"Out-of-fold predictions on training customers only. Calibration is repaired using training evidence, never by adjusting a model repeatedly against the test set.",One score bin,Probability points,"Predicted probabilities, actual labels, and a declared binning","Distinct from discrimination, and neither implies the other. Calibration is the property that entitles a threshold derived from expected costs to be applied to raw scores.",Applying an economically derived threshold to uncalibrated scores. That is not a small technical error; it prices a decision in a currency the model does not print.,"Print the count per bin, since a bin holding eleven customers cannot support a calibration verdict. Read the two bins straddling the operating threshold first: a model beautifully calibrated at 0.05 and off by fifteen points at 0.30 is miscalibrated where it matters.",,"Chapter 9, Section 9.8"
B.10.10,decision_threshold,Decision threshold,B.10,Classification and ranked targeting,Above what probability is treating a customer worth the cost?,"Cost of treating / expected benefit of treating a true positive. At StyleCraft, $12 / $40 = 0.30",The certain cost per treated customer,"The expected benefit per treated true positive, itself the save rate times the value of a save",The program's planning horizon,Applied to calibrated probabilities,One policy,Probability,"A costed treatment, a save-rate estimate, and a value-of-a-save estimate",Not a property of the model but a policy choice. The software default of 0.5 embodies the assumption that the two errors cost the same and inherits its authority from nothing else.,"Accepting the default. Four conditions ride on the derived threshold: the scores must be calibrated, the cost inputs are estimates, the save rate is a causal claim that observational machinery cannot certify, and the arithmetic assumes every customer shares one benefit figure.","Re-derive it from the stated costs and publish the sensitivity: at a $30 benefit the cut moves to 0.40, at $60 to 0.20. A threshold that swings widely under plausible inputs is telling the program that its economics are the binding uncertainty.",,"Chapter 9, Section 9.9"
B.10.11,treatment_rate,Treatment rate (treated share),B.10,Classification and ranked targeting,"What share of the population, or of a group, does this policy treat?",Cases scoring at or above the threshold / cases in the population or group,Cases at or above the threshold,Cases in the population or group,As of the scoring run,"The stated group, at the threshold the program will actually use","One population, or one group within it",Proportion,"Scores, the threshold, and the grouping attribute","The economic threshold answers whom it is worth treating; the budget answers how many treatments are affordable, and nothing forces the two answers to agree.","Setting the treated-list size first - a round number, a platform tier limit, last year's list - and never reconciling it against the gains curve.","Report it beside the capacity. Where the threshold marks more customers than the budget covers, either cut by rank or take the gap to the meeting as a priced argument.",,"Chapter 9, Section 9.9"
B.10.12,expected_net_value,Expected net value,B.10,Classification and ranked targeting,What is this policy worth against its cost?,"True positives x benefit − treated x cost; per thousand customers, scaled by 1,000 / evaluated cases","Benefit earned on true positives, less cost spent on everyone treated","For the per-thousand form, the evaluated case count",The outcome window,One policy at one threshold,"One policy, reported per population or per thousand customers","Dollars, or dollars per thousand customers","The confusion-matrix counts, a costed treatment, and a benefit estimate","On the worked file: treat nobody, $0; the model at 0.50, +$32; the model at 0.30, +$48; the ninety-day incumbent rule, -$8; treat everyone, exactly $0. The threshold, not the model, moved the program from $32 to $48.",Computing it from raw scores that were never checked for calibration.,Per-thousand scaling keeps folds and populations of different sizes comparable. Confirm the blanket policy's arithmetic from the base rate alone as a check.,,"Chapter 9, Section 9.9"
B.10.13,lift_decile,Lift by decile,B.10,Classification and ranked targeting,How much richer in the target class is each slice of the ranked file than a random one?,The decile's positive rate / the base rate of the whole evaluated file,Positive rate within the decile,The base rate of the evaluated file,The outcome window,"The evaluated file, ranked by score and cut into ten equal-count groups with ties broken deterministically",One decile of cases,"Ratio, expressed as a multiple of the base rate","Scores, labels, and a deterministic ranking","A number with its baseline built in, which is why it survives in industry vocabulary. Lift should be strongest in the early deciles and weaken as the list deepens.",Hunting a non-monotone middle. Perfect monotonic decline is not guaranteed in a finite sample; a non-monotone middle is a finding about where the ordering blurs. What would be an error is a top decile whose lift sits near 1.0.,"Rank before cutting, so the ten groups are equal in size regardless of how many cases share a score. That is what makes lift comparable across deciles.",,"Chapter 9, Section 9.10"
B.10.14,cumulative_gains,Cumulative gains,B.10,Classification and ranked targeting,"Treating down to this depth of the list, what share of all positives do we reach?",Running cumulative positives through this decile / total positives in the evaluated file,Cumulative count of actual positives through the decile,Total positives in the evaluated file,The outcome window,"The evaluated file, score-ranked",One cumulative depth of the ranked file,Proportion of all positives,"Scores, labels, and a deterministic ranking",Read against the diagonal that random targeting would trace. It reaches 1.0 at the whole file by definition.,Reading the curve correctly and then computing the program's return from raw scores nobody checked for calibration.,"Assert the last value is exactly 1.0. Plot the incumbent rule as a single point, not a curve: a fixed policy has one operating point.",,"Chapter 9, Section 9.10"
B.10.15,odds_ratio,Odds ratio,B.10,Classification and ranked targeting,By what factor do the odds of the outcome change per unit of this predictor?,The exponentiated logistic coefficient,Not applicable - a multiplicative factor,Not applicable,The estimation window,"The interpretive model, fitted without regularization and never used to treat anyone",One predictor,Multiplicative factor on the odds,A fitted logistic coefficient,"Because the logistic curve is steepest at even odds, the same odds ratio moves a mid-risk customer's probability substantially and a low-risk customer's barely at all. Statements about percentage-point changes in probability are honest only with a stated starting point.",Reading these as causal. They are associations wearing precise multiplicative clothing: 'app users churn less' earns its verb while 'the app retains customers' does not.,Report the interval on the odds-ratio scale. An interval straddling 1.0 is honest evidence of a weak association and should be reported as such rather than by quoting the point estimate alone.,,"Chapter 9, Section 9.4"
B.11.1,forecast_error,Forecast error (signed),B.11,Forecast evaluation,"By how much, and in which direction, did the forecast miss?","Actual − forecast, for each evaluated period",Actual less forecast,None - it is a difference,Each evaluated period inside the forecast horizon,Periods with both an actual and a forecast present,"One period - for StyleCraft, one day","The series' own units, in dollars",Actual and forecast series aligned on the same index,"Positive means the forecast undershot. The sign convention must be stated, because the season-total miss is conventionally computed the other way round.","Reporting only absolute error, which hides a persistent one-directional miss.",Confirm the sign convention in the same sentence as the number.,,"Chapter 10, Section 10.7"
B.11.2,forecast_bias,Forecast bias (mean signed error),B.11,Forecast evaluation,Does this method systematically run high or low?,The mean of the signed errors across the evaluated periods,Sum of signed errors,Number of evaluated periods,"Rolling origins, or a sealed holdout",Evaluated periods only,One method on one series,"The series' own units, signed",Actual and forecast series,"Where a trending, expanding series announces whether a method is systematically low. Every candidate that cannot climb is biased low on an expanding series, which is a fact about the business rather than about the software.","Treating a run of same-signed errors as noise. Seven positive errors in a row is a persistent undershoot, not bad luck.",Report it beside the absolute measures; mature demand-planning organizations track signed error as seriously as absolute error.,,"Chapter 10; operationalized in code, and cataloged here because the chapter defines it nowhere else"
B.11.3,mape,Mean absolute percentage error (MAPE),B.11,Forecast evaluation,How large are the forecast's misses relative to the size of what actually happened?,"For each period, the absolute error divided by the actual, averaged across evaluated periods and multiplied by 100",Absolute error in each period,That period's actual value,The evaluated periods,Requires strictly positive actuals; disqualified for any series that touches or approaches zero,"One period, then averaged",Percentage,Actual and forecast series,"Scale-free, which makes it planning's shared currency for forecast accuracy.","Reporting it over a near-zero denominator. On the worked week a single storm-closed day of $400 turns a forecast whose typical daily miss is under three percent into a reported MAPE of 259.6 percent - one denominator, not seven bad forecasts, produced the number, and six of the seven days were still forecast within ten percent.","Assert that every denominator is strictly positive and refuse to return a number otherwise. Print the minimum denominator and a count of thin days beside every MAPE displayed. The sentence that must accompany it: the denominator, not the forecast, produced the number.",,"Chapter 10, Section 10.7"
B.11.4,horizon_error,Accuracy by horizon,B.11,Forecast evaluation,How does forecast error grow as the forecast reaches further out?,"MAE and MAPE computed separately within each block of the horizon, pooled across forecast origins",Errors within the horizon block,Periods in the block times the number of origins,"Equal blocks of the forecast horizon, from each origin",The selection window's origins only,"One horizon block, pooled across origins","The series' units, and percentage",Actual and forecast series from multiple origins,"Expected error rises with horizon; realized error need not rise at every step. A flat or falling curve is a signal to inspect rather than a diagnosis: it can mean the origins sit too close together or the horizon is too short, and it can mean the series is genuinely no harder to forecast at range.","Quoting the count of daily errors as though they were independent observations, which overstates a weekly row's stability sevenfold. Report the number of independent origins separately from the number of daily errors.","Report the spread across origins at each horizon beside the mean, and print whether the curve rises monotonically rather than assuming it.",,"Chapter 10, Section 10.7"
B.11.5,naive_baselines,Naive and seasonal-naive baselines,B.11,Forecast evaluation,"What accuracy is available for free, before any model is fitted?",The naive rule extends the last observed value flat across the horizon. The seasonal-naive rule repeats the last full seasonal period.,Not applicable,Not applicable,The same evaluation window as the candidate,A declared seasonal period - seven for daily data with a weekly rhythm,The series' own grain,The series' units,The historical series and a declared period,"At a seven-day lag the seasonal-naive rule repeats last week, not last December. It carries the weekly rhythm for free and cannot climb a trend.",Reporting a fitted model's accuracy without its margin over the seasonal-naive rule. A forecaster who cannot state that margin does not know whether the model is contributing anything.,Compute both on identical origins. A margin smaller than the noise band is not yet a finding.,,"Chapter 10, Section 10.5"
B.11.6,prediction_interval,Prediction interval and coverage,B.11,Forecast evaluation,"What range of outcomes does the model consider plausible, and did reality land inside it?",Nominal coverage is the interval's stated probability. Realized coverage is the share of evaluated periods that landed inside the band.,Evaluated periods falling inside the band,Number of evaluated periods,"The evaluated horizon, from a stated number of forecast origins",Evaluated periods only,One period; also reported by horizon block where the periods permit it,Percentage for coverage; the series' units for width,Forecast bounds and actuals,"Coverage alone is badly incomplete, because an arbitrarily wide interval achieves perfect coverage while saying nothing. Publish the width beside the coverage so that no one can buy the second by inflating the first.",Adding up the edges of interval bounds to get an interval for a total. A quantile of a sum is not the sum of the quantiles: aggregate the simulated paths first and take quantiles second.,"Report nominal coverage, realized coverage, mean width, the number of evaluated periods, and the number of independent origins together. Coverage of 94 percent on sixty-one dependent daily observations is a reason to investigate, not a verdict.",,"Chapter 10, Section 10.8"
B.12.1,arm_conversion_rate,Treatment and control conversion rate,B.12,Experiment and causal evidence,What share of each randomized arm converted?,Assigned customers with at least one qualifying order in the outcome window / assigned customers in the arm,Assigned customers with at least one qualifying order in the window,"All assigned customers in the arm, whether or not the message reached them",A stated number of days following each customer's assignment,Intention to treat: every randomized customer with an observed outcome stays in the arm they were assigned to. A delivery failure is operational evidence and is not by itself grounds for removing anyone.,"One customer, the unit of randomization","Proportion, reported as a percentage","variant, converted, assign_date, customer_id",A customer who converts three times in the window is one conversion in a rate whose denominator is customers.,"Switching the numerator to orders, which changes the question without saying so. Separately, filtering on anything measured after assignment breaks the randomization that the whole design bought.","Bounded in [0, 1]. Reconcile the assignment flow: randomized, outcome observed, and included in the primary analysis, with any shortfall named.",,"Chapter 11, Section 11.6"
B.12.2,absolute_lift,Absolute lift,B.12,Experiment and causal evidence,"How much did the treatment change the outcome, on the metric's own scale?",Treatment rate − control rate,The difference between the two arm rates,None - it is a difference,The stated outcome window,"Intention to treat, both arms","One customer, reported for the experiment","Percentage points, when the metric is a rate",Both arm rates and both arm sizes,The quantity that scales to business volume: multiplying it by the number of customers reached gives the incremental count directly. StyleCraft's test recovers +1.80 points against a 6.00 percent control rate.,"Reporting it without the control rate beside it, or reporting only the relative figure. Thirty percent of an unstated base is not a quantity.","Report the absolute lift first in percentage points with the control rate stated beside it, then the relative lift, then the translation into incremental conversions and dollars.",,"Chapter 11, Section 11.6"
B.12.3,relative_lift,Relative lift,B.12,Experiment and causal evidence,How large was the change against its own baseline?,Absolute lift / control rate,The absolute lift,The control rate,The stated outcome window,"Intention to treat, both arms",One experiment,Percentage change - not percentage points,Both arm rates,Systematically the larger and more persuasive of the two whenever the baseline rate is small. StyleCraft's 1.80-point lift is a 30 percent relative lift.,"Treating transportability as a statistical fact. A relative lift transfers to a different baseline only if the effect really is multiplicative in the baseline, which is an empirical hope rather than a property of the statistic.","Compute its interval as a ratio, never by rescaling the difference interval by the observed control rate; that treats an estimate as a known constant and produces an interval that is too narrow and wrongly centered.",,"Chapter 11, Section 11.6"
B.12.4,ci_difference,Confidence interval on a difference in proportions,B.12,Experiment and causal evidence,What range of true effects is consistent with what we observed?,"estimate ± z\* × SE, with z\* = 1.96 for a conventional 95 percent interval, where the standard error of a difference in two proportions is built from each arm's own rate and size",Not applicable,Not applicable,The stated outcome window,"Intention to treat, both arms",One experiment,Percentage points,Both arm conversion counts and both arm sizes,"StyleCraft's interval runs from 0.81 to 2.79 percentage points - a range of more than three to one in business terms, from a point estimate that looks precise.","Reporting the point estimate alone, or presenting an interval far narrower than the arm sizes support, which usually means the analysis slipped to a finer grain than the randomization.","The unpooled standard error uses each arm's own rate and is the one behind the interval; the pooled version belongs to the test statistic. On StyleCraft's numbers they differ in the fourth decimal, which is why nobody notices when the wrong one is used.",,"Chapter 11, Section 11.6"
B.12.5,treatment_dose,Treatment dose,B.12,Experiment and causal evidence,"How many times, and when, does a treated unit receive the intervention?","A declared count and timing of exposures, stated as part of the intervention's definition",Not applicable - a design parameter,Not applicable,The assignment and outcome windows,Treated arm,One treated customer,Count of exposures,A registration entry; it cannot be recovered from the outcome data,The dose fixes the cost per assigned customer and therefore the break-even lift. An experiment run at one alert per drop licenses a rollout at one alert per drop.,Rolling out at a different frequency. That is a different intervention whose economics and whose response must both be re-derived; at two alerts StyleCraft's break-even doubles to 0.86 points and the same measured interval no longer clears it at its lower end.,"Declare it before the test runs, and quote it in the same sentence as any economic conclusion.",,"Chapter 11, Section 11.7"
B.12.6,break_even_lift,Break-even lift,B.12,Experiment and causal evidence,What lift would this program need just to pay for itself?,"Cost per assigned customer / contribution per incremental conversion, where cost per assigned customer is cost per exposure times the dose",Cost per assigned customer,Contribution per incremental conversion,The program's own window,"Assigned customers, at the tested dose",One program at one dose,Percentage points,"A costed exposure, a declared dose, and a contribution estimate","StyleCraft's Drop Alert costs $0.12 per assigned customer against $28 of contribution per incremental conversion, so the break-even lift is 0.43 percentage points.","Comparing it against the point estimate. The comparison is made against the whole interval: if the lower bound clears the line the program pays even in the pessimistic world the data still permits; if the line falls inside the interval, the honest report is that the evidence does not settle the question.","Undefined until the dose is stated. Publish a sensitivity grid across plausible contribution figures and doses, flagging any cell that falls inside the confidence interval.",,"Chapter 11, Section 11.7"
B.12.7,incremental_value,Incremental conversions and net contribution,B.12,Experiment and causal evidence,What is the program worth per thousand customers at the tested dose?,"Incremental conversions = absolute lift x 1,000. Net contribution = incremental conversions x contribution per conversion − 1,000 x cost per assigned customer","Contribution earned on incremental conversions, less program cost",Not applicable; the per-thousand scaling is the reporting convention,The program's own window,Enrolled customers at the tested dose,One thousand customers enrolled,Dollars per thousand customers,"The lift and its interval, a contribution estimate, and a costed dose","On StyleCraft's numbers: at the point estimate, 18.0 incremental conversions worth $504.00 against $120.00 of cost, a net of $384.00; at the interval's pessimistic edge, $106.80; at its optimistic edge, $661.20. The decision does not hinge on which end proves true.","Attaching the phrase 'at any scale'. The arithmetic assumes cost is linear in customers reached, contribution per conversion is stable, no fixed implementation cost amortizes, no capacity or inventory constraint binds, unsubscribe and fatigue costs are zero, and response does not diminish as the program scales. Several of those are known to weaken at rollout.","Compute at all three points of the interval, not only the estimate. Scrutinize the contribution figure: it is an average across observed orders, and the orders an incremental converter places need not carry the same mix or margin.",,"Chapter 11, Section 11.7"
B.12.8,observational_difference,Observational difference (targeted versus untargeted),B.12,Experiment and causal evidence,How did the customers who received the program differ from those who did not?,Rate among those who received − rate among those who did not,The difference between the two observed group rates,None - it is a difference,Stated period,Groups formed by whatever mechanism assigned the treatment in the record - which is precisely what is unknown,"One customer, reported for the two groups",Percentage points,The outcome and a treatment indicator,A true fact about the records and a false answer to the causal question. StyleCraft's observational difference of 5.30 points decomposes exactly into a 1.80-point within-stratum difference and a 3.50-point composition component - two thirds of the headline was who got the treatment.,"Reporting it with a causal verb. Before quoting any comparison as evidence about a decision, state how each side was selected and what would have made the two sides differ even if the treatment had never existed.","Where a confounder happens to be recorded, standardize on the treated group's own mix and report the composition component beside the adjusted difference. The two components must sum exactly to the naive difference.","An adjusted difference, standardized on measured covariates, is stronger evidence and is still not a causal effect: adjustment corrects only the imbalances the analyst can name.","Chapter 11, Section 11.3"
B.12.9,power_mde,Statistical power and minimum detectable effect,B.12,Experiment and causal evidence,Is this test large enough to find an effect worth acting on?,Power is the probability of detecting an effect of a stated size at a stated significance level and sample size; the minimum detectable effect is the smallest effect the design can reliably detect,Not applicable,Not applicable,The planned test duration,"Per arm, two-sided, at a declared significance level",One customer per arm,Probability for power; percentage points for the minimum detectable effect,"A baseline rate from history, a declared minimum detectable effect, and a target power","The minimum detectable effect is a business judgment, not a statistic. StyleCraft registers 1.5 points, needs 4,379 per arm, and runs 5,000.","Running underpowered and reading a null as no effect. Required sample size grows roughly with the inverse square of the smallest effect worth detecting - at 0.5 points the same design would need 36,778 per arm - and an underpowered test's significant results systematically overstate the effect's size.","Register the baseline, the minimum detectable effect, the significance level, and the power before the test runs.",,"Chapter 11, Section 11.5"
B.12.10,did,Difference-in-differences,B.12,Experiment and causal evidence,What changed in the treated group beyond what changed anyway?,"The treated group's change from before to after, less the comparison group's change over the same periods",Treated change less comparison change,None - it is a difference of differences,Equal pre and post periods for both groups,A comparison group chosen before the outcome is seen,"The unit at which the treatment was applied - market, store, or customer",The outcome's own units,Outcomes for both groups in both periods,"Rests on parallel trends, which cannot be verified, only supported. A pre-post report with no comparison group would have credited the campaign with the whole treated change.","Reporting the pre-post difference alone. It is a causal claim with no comparison group, whose implicit counterfactual is that nothing else would have changed.",Plot both series over a long pre-period and inspect whether they moved together before the intervention. License only the sentence that begins 'under the stated parallel-trends assumption'.,,"Chapter 11, Section 11.9"
B.13.1,weekly_contribution,Weekly contribution,B.13,Dashboard and decision,"Is this store covering its own variable cost, week by week?",Sum of (line_revenue − line_cost) within store and store-age week,Contribution on the store's lines in the week,None - it is a total,"One store-age week, on a scaffold that carries every open observable week","The declared store population; a week that is open and observable but carried no orders is zero, not missing",One store-week,Dollars per week,"line_revenue, line_cost, store_id, order_date, opening_date",The unit in which a new store's ramp is read against the fixed cost it must eventually carry.,"Dropping the zero-order weeks. That removes the weakest observations from any benchmark computed over them and biases the benchmark upward, in the direction that makes a new store's ramp look worse than it is.",Reconcile the sum across store-weeks to the certified revenue and cost totals for the same population.,,"Chapter 13, Section 13.12.1"
B.13.2,contribution_4wk,Four-week moving average of weekly contribution,B.13,Dashboard and decision,"What is this store's underlying weekly contribution, with single-week noise damped?","The mean of weekly contribution over the current store-age week and the previous three, computed within store, ordered by store age, and returning missing until four observable weeks exist",Contribution over the trailing four store-weeks,Four store-weeks,"Store-age weeks, from each store's own opening",Grouped by store; ordered by store age ascending,One scaffold store-week,Dollars per week,Weekly contribution on a complete store-week scaffold,"Every one of the five properties - the grouping, the ordering, the measure, the window, and the behavior before the window fills - has to be stated, because a moving calculation with any of them left to a default computes a different number and the difference is invisible in the output.","Computing it on a series with missing weeks, which averages the wrong four weeks.",Confirm it returns missing for the first three weeks of each store rather than averaging a partial window.,,"Chapter 13, Section 13.12.2"
B.13.3,weekly_footprint,Weekly fixed footprint (the coverage threshold),B.13,Dashboard and decision,How much weekly contribution does a store need to carry its own fixed cost?,"The declared annual fixed footprint / 52. At StyleCraft, $92,000 / 52 = $1,769.23","The annual fixed footprint, a finance planning assumption",52 weeks,"Annual, expressed weekly","The population the finance assumption covers - new suburban and resort stores, with no figure supplied for the flagship format",One store-week; drawn as a constant reference line,Dollars per week,"A finance assumption, attributed to finance and declared before results are inspected",Must be attributed to finance rather than to the data. A constant is correct here and a computed reference would be wrong.,Choosing it after the crossing weeks are known. A threshold chosen after the fact is not a benchmark but a description.,"Label the line with what it is, not with its value: weekly contribution carrying the $92,000 annual footprint, finance assumption, suburban and resort.",,"Chapter 13, Section 13.12.1"
B.13.4,revenue_at_coverage,Weekly revenue at coverage,B.13,Dashboard and decision,How much weekly revenue does the footprint threshold correspond to?,"Weekly fixed footprint / contribution margin, on the same population. At StyleCraft, $1,769.23 / 0.46 = $3,846.15",The weekly fixed footprint,The contribution margin of the same population,Weekly,"Suburban and resort stores, for both the threshold and the margin",One store-week,Dollars of revenue per week,The threshold and a population-matched contribution margin,"A within-population conversion, and the only place that population's margin may be used.","Applying this population's margin to a chain-level quantity, or the chain's margin to this one.","If the contribution margin moves by more than a point, the revenue threshold changes and every figure quoting it must be rebuilt before any title uses it.",,"Chapter 13, Section 13.1"
B.13.5,first_coverage,First observed weekly coverage,B.13,Dashboard and decision,When did this store first cover its fixed footprint in a single week?,The earliest store-age week in which weekly contribution reaches the declared weekly threshold,Not applicable - a week index,Not applicable,Store-age weeks from the store's own opening,Stores with enough observed history for the question to be meaningful,One store,Store-age week number,Weekly contribution and the declared threshold,"A coverage milestone, not a payback period. It returns the same answer with or without the scaffold, because a week with no orders cannot be the first week above a positive threshold.",Reading it off a plotted line rather than computing it. A first-coverage week of 0 or 1 usually means the threshold was applied to revenue rather than to contribution.,Compute it; do not read it. Confirm it is no later than the four-week-average coverage week for the same store.,,"Chapter 13, Section 13.12.1"
B.13.6,first_coverage_4wk,First four-week-average coverage,B.13,Dashboard and decision,When did this store first reach its footprint on a smoothed basis?,The earliest store-age week in which the four-week moving average of weekly contribution reaches the declared weekly threshold,Not applicable - a week index,Not applicable,Store-age weeks; the average returns missing until four observable weeks exist,The mature store population,One store,Store-age week number,The four-week moving average and the declared threshold,"The go/no-go dashboard's decision measure, preferred to the raw crossing because it is harder to produce by accident.","Describing a smoothed first crossing in the language of the stricter one. It is not a claim that the store held coverage, stayed above the line, or established durable coverage.",A four-week-average coverage week earlier than the same store's observed week is arithmetically impossible; assert it. The gap between the two is itself readable: a store whose weeks are close crossed on strength its neighboring weeks shared.,,"Chapter 13, Section 13.12.1"
B.13.7,predecessor_range,Predecessor range,B.13,Dashboard and decision,What range did comparable stores occupy at this same store age?,"The minimum and maximum of the four-week moving average across the mature comparable stores, computed separately at each store-age week",Not applicable - a pair of bounds,Not applicable,The store-age weeks the mature stores cover,"The mature comparable stores only, on the smoothed measure","One store-age week, as a pair of bounds",Dollars per week,"The four-week moving average for each comparable store, by store age","The observed minimum-to-maximum spread of a handful of stores, not a statistical prediction interval.",Comparing a smoothed band against a raw series. Identical axes do not make differently smoothed quantities comparable. A band that is flat across store age means the bounds were computed at table scope rather than per week.,A minimum computed across stores at each week is biased upward wherever one store's zero weeks were dropped. Confirm the scaffold is complete before computing it.,,"Chapter 13, Section 13.12.2"
B.13.8,mature_store_contribution,Mature-store annual contribution,B.13,Dashboard and decision,What does a comparable store contribute in a full year?,"Trailing 52-week contribution for each mature comparable store over the year ending on the analysis date, then averaged across those stores",Trailing 52-week contribution per store,The count of mature comparable stores,The 52 weeks ending on the declared analysis date,The mature comparable stores only,"One store-year, averaged",Dollars per year,Weekly contribution over a full trailing year,"StyleCraft carries approximately $137,000, and uses it as the denominator that turns a contribution interval into store-equivalents.","Annualizing a weekly mean, which inherits whatever seasonality the sampled weeks happened to carry.",Compute from a genuine trailing 52 weeks per store rather than from a weekly average multiplied by 52.,,"Chapter 13, Section 13.9"
B.13.9,store_equivalents,Interval expressed in store-equivalents,B.13,Dashboard and decision,How large is the remaining forecast uncertainty in a unit the reader already understands?,"The width of the open forecast range / mature-store annual contribution, end to end; half that around the estimate","The end-to-end width of the interval, in dollars of contribution","Mature-store annual contribution, in dollars of contribution per year",The still-open portion of the forecast horizon,Chain in the numerator; the mature comparable stores in the denominator - a mismatch that must be named on the canvas,One horizon total,Mature-store-equivalents,The forecast interval bounds and the mature-store annual contribution,"StyleCraft's $240,000 open range is about 1.8 stores end to end, or roughly plus or minus 0.9 stores around the estimate.","Two wrong conversions are available and both look plausible: multiplying the interval by the contribution margin, and dividing it by the annual fixed footprint. Neither belongs on a canvas. There is no margin in the correct arithmetic, because both quantities are already contribution.","Show the conversion in steps on the canvas rather than asserting the result, and name the denominator as well as using it. Where a conversion requires an assumption that cannot be established, change what is forecast rather than disclosing the assumption and proceeding.",,"Chapter 13, Section 13.9"
